smiles,outcome,CommonName
[H][C@]1([S-])O[C@]([H])(CO)[C@@]([H])(O)[C@]([H])(O)[C@@]1([H])O,1,Aurothioglucose
CN(CCCCCCCCCCN(C)C(=O)Oc1cccc(c1)[N+](C)(C)C)C(=O)Oc1cccc(c1)[N+](C)(C)C,1,DemecariumBromide
[H][C@]12Cc3ccc(OC)cc3[C@@]3(CCCC[C@]13[H])CCN2C,0,Dextromethorphan
[H][C@@]12CCCN1C(=O)[C@]([H])(Cc1ccccc1)N1C(=O)[C@](C)(NC(=O)[C@@]3([H])CN(C)[C@]4([H])Cc5c[nH]c6cccc(C4=C3)c56)O[C@@]21O,0,Ergotamine
[H][C@]1(C)C[C@@]2([H])[C@]3([H])CCC4=CC(=O)C=C[C@]4(C)[C@@]3(Cl)[C@@]([H])(O)C[C@]2(C)[C@@]1(O)C(=O)CO,0,Beclomethasone
[H][C@@](C)(CCC([O-])=O)[C@@]1([H])CC[C@@]2([H])[C@]3([H])CC[C@]4([H])C[C@]([H])(O)CC[C@]4(C)[C@@]3([H])CC[C@]12C,1,Lithocholicacid
[H][C@@](C)(CCC(=O)NCCS(O)(=O)=O)[C@@]1([H])CCC2C3C(CC[C@]12C)[C@@]1(C)CC[C@@]([H])(O)C[C@@]1([H])C[C@]3([H])O,1,Tauroursodeoxycholate
[H][C@@]1(C)C[C@@]2([H])[C@]3([H])CCC4=CC(=O)C=C[C@]4(C)[C@@]3(Cl)[C@@]([H])(O)C[C@]2(C)[C@@]1(OC(=O)c1ccco1)C(=O)CCl,0,Mometasone Furoate
[H][C@@]12Oc3c4c(C[C@@]5([H])N(CC6CC6)CC[C@@]14[C@@]5(O)CCC2=C)ccc3O,0,Nalmefene
[H][C@@]12N3CC[C@@]11c4cc(c(OC)cc4N(C=O)[C@@]1([H])[C@@](O)(C(=O)OC)[C@]([H])(OC(C)=O)[C@]2(CC)C=CC3)[C@]1(C[C@]2([H])CN(C[C@](O)(CC)C2)CCc2c1[nH]c1ccccc21)C(=O)OC,1,Vincristine
[H][C@@]12CC[C@@](OC(C)=O)(C#C)[C@@]1(C)CC[C@]1([H])[C@@]3([H])CC[C@]([H])(OC(C)=O)C=C3CC[C@@]21[H],1,Ethynodiol diacetate
[H][C@@](Cc1ccc(OCCN2c3ccccc3Oc3ccccc23)cc1)(OCC)C(O)=O,0,ragaglitazar
[H][C@@](C)(N)Cc1ccccc1,1,Dextroamphetamine
[H][C@](O)(CNC(C)(C)C)COc1nsnc1N1CCOCC1,1,Timolol
[H][C@]1(Sc2ccccc2N(CCN(C)C)C(=O)[C@]1([H])OC(C)=O)c1ccc(OC)cc1,0,Diltiazem
[H][C@@]1(N)C[C@@]1([H])c1ccccc1,0,Tranylcypromine
[H][C@]1(CCC)CN(C)[C@@]([H])(C1)C(=O)NC(C(C)Cl)[C@@]1([H])O[C@]([H])(SC)[C@]([H])(O)[C@@]([H])(O)[C@@]1([H])O,1,Clindamycin
[H][C@]12C[C@@]3(CC[C@]4([H])[C@@]([H])(C[C@]([H])(C[C@@]4(C)[C@]3([H])CC1)O[C@]1([H])O[C@]([H])(CO)[C@@]([H])(OS([O-])(=O)=O)[C@]([H])(OS([O-])(=O)=O)[C@@]1([H])OC(=O)CC(C)C)C(O)=O)[C@@]([H])(O)C2=C,1,atractyloside
[H][C@]12SC(C)(C)[C@@]([H])(N1C(=O)[C@@]2([H])NC(=O)c1c(C)onc1-c1ccccc1Cl)C(O)=O,1,Cloxacillin
[H][C@](N)(C(=O)N[C@]1([H])C(=O)N2[C@]1([H])SC(C)(C)[C@]2([H])C(O)=O)c1ccccc1,0,Ampicillin
[H][C@]12SC(C)(C)[C@@]([H])(N1C(=O)[C@@]2([H])NC(=O)c1c(OC)cccc1OC)C(O)=O,1,Methicillin
[H][C@]12SC(C)(C)[C@@]([H])(N1C(=O)[C@@]2([H])NC(=O)c1c(C)onc1-c1c(Cl)cccc1Cl)C(O)=O,1,Dicloxacillin
[H][C@]12SC(C)(C)[C@@]([H])(N1C(=O)[C@@]2([H])NC(=O)Cc1ccccc1)C(O)=O,1,Penicillin G
[H][C@@]1(NC(=O)CSc2ccncc2)C(=O)N2C(C(O)=O)=C(COC(C)=O)CS[C@]12[H],0,Cephapirin
[H][C@@]12CCC3(C)[C@]([H])(C(=O)C=C4C5C[C@](C)(CCC5(C)CC[C@@]34C)C(O)=O)C1(C)CCC(OC(=O)CCC(O)=O)C2(C)C,0,Carbenoxolone
[H][C@@](O)(CN1C[C@@]2([H])CCCC[C@@]2([H])C[C@@]1([H])C(=O)NC(C)(C)C)[C@]([H])(Cc1ccccc1)NC(=O)[C@]([H])(CC(N)=O)NC(=O)c1ccc2ccccc2n1,1,Saquinavir
[H][C@]1(COP(O)(=O)OP([O-])(=O)OCC[N+](C)(C)C)O[C@@]([H])(n2ccc(N)nc2=O)[C@]([H])(O)[C@]1([H])O,0,Citicoline
[H][C@@]1(C)N(C(=O)[C@@]1([H])NC(=O)C(=N/OC(C)(C)C(O)=O)\c1csc([NH3+])n1)S([O-])(=O)=O,0,Aztreonam
[H][C@@]1(C)CC(=O)[C@]2(O)O[C@]3([H])[C@@]([H])(NC)[C@@]([H])(O)[C@@]([H])(NC)[C@]([H])(O)[C@@]3([H])O[C@]2([H])O1,1,Spectinomycin
[H][C@](N)(Cc1ccc(OC)cc1)C(=O)NC1[C@@]([H])(CO)O[C@@]([H])(n2cnc3c(ncnc23)N(C)C)[C@]1([H])O,1,puromycin
[H][C@@]1(C)O[C@@]([H])(O[C@@]2([H])[C@]([H])(O)[C@@]([H])(O)[C@]([H])(N=C(N)N)[C@@]([H])(O)[C@]2([H])N=C(N)N)[C@]([H])(O[C@]2([H])O[C@@]([H])(CO)[C@]([H])(O)[C@@]([H])(O)[C@]2([H])NC)[C@@]1(O)C=O,0,Streptomycin
[H][C@]1(C)c2cccc(O)c2C(O)=C2C(=O)[C@]3(O)C(=O)\C(C(=O)[C@@]([H])(N(C)C)[C@]3([H])[C@@]([H])(O)[C@]12[H])=C(\N)O,1,Doxycycline
[H][C@@]1(N(C)C)C(=O)\C(C(=O)[C@@]2(O)C(=O)C3=C(O)c4c(O)cccc4[C@@](C)(O)[C@@]3([H])C[C@@]12[H])=C(/N)O,1,tetracycline
[H][C@]12SCC(C[n+]3ccccc3)=C(N1C(=O)[C@@]2([H])NC(=O)Cc1cccs1)C([O-])=O,1,cephaloridine
[H][C@](NC(=O)N1CCN(CC)C(=O)C1=O)(C(=O)N[C@]1([H])C(=O)N2C(C(O)=O)=C(CSc3nnnn3C)CS[C@]12[H])c1ccc(O)cc1,0,Cefoperazone
[H][C@](O)(C(=O)N[C@]1([H])C(=O)N2C(C(O)=O)=C(CSc3nnnn3C)CS[C@]12[H])c1ccccc1,1,Cefamandole
[H][C@]12SCC(CSc3nnnn3CCN(C)C)=C(N1C(=O)[C@@]2([H])NC(=O)Cc1csc(N)n1)C(O)=O,1,Cefotiam
[H][C@@](NC(=O)N1CCNC1=O)(C(=O)N[C@]1([H])C(=O)N2[C@]1([H])SC(C)(C)[C@]2([H])C(O)=O)c1ccccc1,0,Azlocillin
[H][C@](O)(c1ccnc2ccc(OC)cc12)[C@@]1([H])C[C@]2([H])CCN1C[C@]2([H])C=C,1,quinidine
[H][C@](Cc1ccccc1)(C[C@]([H])(O)[C@]([H])(Cc1ccccc1)NC(=O)OCc1cncs1)NC(=O)[C@@]([H])(NC(=O)N(C)Cc1csc(n1)C(C)C)C(C)C,1,ritonavir
[H][C@@](CCC(O)=O)(NC(=O)c1ccc(NCc2cnc3[nH]c(N)nc(=O)c3n2)cc1)C(O)=O,0,Folate
[H][C@@](CCC([O-])=O)(NC(=O)c1ccc(NCC2CNc3[nH]c(N)nc(=O)c3N2C=O)cc1)C([O-])=O,0,Leucovorin Calcium
[H][C@@](O)(CNC(C)(C)C)COc1ccccc1C1CCCC1,1,Penbutolol
[H][C@@]1(NC(=O)C(=N/OC)\c2csc(N)n2)C(=O)N2C(C(O)=O)=C(CSc3nc(=O)c(=O)[nH]n3C)CS[C@]12[H],1,Ceftriaxone
[H][C@]12SCC(COC(C)=O)=C(N1C(=O)[C@H]2NC(=O)CC1=CC=CS1)C(O)=O,1,Cephalothin
[H][C@@](C)(\C=C\C)[C@@]([H])(O)[C@]1([H])N(C)C(=O)[C@]([H])(CC(C)C)N(C)C(=O)[C@]([H])(CC(C)C)N(C)C(=O)[C@]([H])(CC(C)C)N(C)C(=O)[C@@]([H])(C)NC(=O)[C@]([H])(C)NC(=O)[C@]([H])(CC(C)C)N(C)C(=O)[C@@]([H])(NC(=O)[C@]([H])(CC(C)C)N(C)C(=O)CN(C)C(=O)[C@]([H])(CC)NC1=O)C(C)C,1,cyclosporine A
CC1C(NC(=O)C(NC(=O)C(C(NC(=O)C(NC(=O)C(NC(=O)C(=C)N(C(=O)CCC(NC1=O)C(=O)O)C)C)CC(C)C)C(=O)O)C)CCCN=C(N)N)C=CC(=CC(C)C(CC2=CC=CC=C2)OC)C,1,Microcystin-LR
[H][C@]12CCN3CC=C(COC(=O)[C@](C)(O)[C@](C)(O)[C@@]([H])(C)C(=O)O1)[C@]23[H],1,Monocrotaline
[H][C@]12OCC(CSc3nnnn3C)=C(N1C(=O)[C@]2(NC(=O)C(C([O-])=O)c1ccc(O)cc1)OC)C([O-])=O,0,Moxalactam Disodium
[H][C@](N)(C(=O)N[C@]1([H])C(=O)N2C(C(O)=O)=C(C)CS[C@]12[H])C1=CCC=CC1,0,Cephradine
[H][C@]12N(CCCCn3cnc(c3)-c3cccnc3)C(=O)O[C@]1(C)[C@@]([H])(CC)OC(=O)[C@@]([H])(C)C(=O)[C@]([H])(C)[C@@]([H])(O[C@]1([H])O[C@]([H])(C)C[C@]([H])(N(C)C)[C@@]1([H])O)[C@@](C)(C[C@@]([H])(C)C(=O)[C@]2([H])C)OC,1,telithromycin
[H][C@](NC(=O)N1CCN(C1=O)S(C)(=O)=O)(C(=O)N[C@]1([H])C(=O)N2[C@]1([H])SC(C)(C)[C@]2([H])C(O)=O)c1ccccc1,1,Mezlocillin
[H][C@](C)(CO)NC(=O)[C@@]1([H])CN(C)[C@]2([H])Cc3c[nH]c4cccc(C2=C1)c34,0,Ergonovine Maleate
[H][C@@]1(N)C[C@]([H])(N)[C@@]([H])(O[C@@]2([H])O[C@]([H])(CN)[C@@]([H])(O)[C@]([H])(O)[C@@]2([H])O)[C@]([H])(O)[C@@]1([H])O[C@@]1([H])O[C@]([H])(CO)[C@@]([H])(O)[C@]([H])(N)[C@@]1([H])O,0,Kanamycin
[H][C@@]1(C[C@]([H])(N)[C@]([H])(O)[C@]([H])(C)O1)O[C@@]1([H])C[C@@](O)(Cc2c(O)c3C(=O)c4ccccc4C(=O)c3c(O)c12)C(C)=O,0,Idarubicin
[H][C@]1(C[C@@]2([H])[C@]3([H])CC=C4C[C@@]([H])(O)CC[C@]4(C)[C@@]3([H])CC[C@]2(C)[C@@]1([H])C(C)=O)C#N,1,Pregnenolone16alphacarbonitrile
[H][C@]1(O)[C@]2([H])C(=C)c3cccc(O)c3C(O)=C2C(=O)[C@]2(O)C(=O)\C(C(=O)[C@@]([H])(N(C)C)[C@]12[H])=C(\N)O,1,Methacycline
[H][C@@]1(Cc2c(O1)ccc1C(=O)[C@@]3([H])c4cc(OC)c(OC)cc4OC[C@@]3([H])Oc21)C(C)=C,1,rotenone
[H][C@@]1(O)c2c(Cl)ccc(O)c2C(O)=C2C(=O)[C@]3(O)C(=O)\C(C(=O)[C@@]([H])(N(C)C)[C@]3([H])C[C@]12[H])=C(\N)O,1,Demeclocycline
[H][C@@]12Cc3c(ccc(O)c3C(O)=C1C(=O)[C@]1(O)C(=O)\C(C(=O)[C@@]([H])(N(C)C)[C@]1([H])C2)=C(\N)O)N(C)C,1,Minocycline
[H][C@]1(O)CC[C@@]2([H])[C@]3([H])CCc4cc(O)ccc4[C@@]3([H])CC[C@]12C,1,estradiol
[H][C@@]1(C[C@]([H])(N)[C@]([H])(O)[C@]([H])(C)O1)O[C@@]1([H])C[C@@](O)(Cc2c(O)c3C(=O)c4cccc(OC)c4C(=O)c3c(O)c12)C(=O)CO,1,Doxorubicin
Nc1nc(=O)c2N(C=O)C(CNc3ccc(cc3)C(=O)NC(CCC(O)=O)C(O)=O)CNc2[nH]1,0,Leucovorin
OC(=O)CCCCCC[NH2+]C1c2ccccc2CCc2ccccc12,1,Amineptine
[O-][N+]([O-])=O,0,GalliumNitrate Hydrate
CNCCc1ccccn1,1,Betahistine
Clc1ccc2Sc3ccccc3N(C(=O)CCN3CCN4CCCC4C3)c2c1,1,AY-25329
CCOC(=O)Nc1ccc2Sc3ccccc3N(C(=O)CCN3CCOCC3)c2c1,1,Moricizine
CC(Cc1ccc(O)cc1)NCC(O)c1cc(O)cc(O)c1,1,Fenoterol HBr
CCOC(=O)C1(CCN(CCC(C#N)(c2ccccc2)c2ccccc2)CC1)c1ccccc1,0,Diphenoxylate
Oc1cccc(c1[N+]([O-])=O)[N+]([O-])=O,1,dinitrophenol
[H][C@@]12CCC(=O)[C@@]1(C)CC[C@]1([H])c3ccc(OS([O-])(=O)=O)cc3CC[C@@]21[H],1,Estrone
[O-][N+](=O)c1ccc(cc1)-c1ccc(\C=N\N2CC(=O)NC2=O)o1,1,Dantrolene
[O-][N+](=O)c1ccc(\C=N\N2CCOC2=O)o1,1,Furazolidone
[O-][N+](=O)c1ccc(\C=N/N2CC(=O)NC2=O)o1,1,Nitrofurantoin
[H][C@]1(CO[C@]2([H])[C@]([H])(CO[C@]12[H])O[N+]([O-])=O)O[N+]([O-])=O,0,Isosorbidedinitrate
[H][C@](C)(N)[C@@]([H])(O)c1ccccc1,0,Phenylpropanolamine
[H]C(=C\C=C(C)\C=C\C1=C(C)CCCC1(C)C)C(\C)=C/C(O)=O,1,Isotretinoin
[H][C@](O)(CO)[C@]([H])(O)[C@@]([H])(O)[C@@]([H])(O)CO,0,Sorbitol
CC(/C=C/C1=C(C)CCCC1(C)C)=C\C=C\C(C)=C\C(O)=O,1,Tretinoin
CCCC(CCC)C(O)=O,1,ValproicAcid
NCCCCCC(O)=O,0,AminocaproicAcid
[H][C@](O)(CC(O)=O)C[C@]([H])(O)\C=C\c1c(nc(C(C)C)c(COC)c1-c1ccc(F)cc1)C(C)C,1,cerivastatin
NNCCc1ccccc1,0,phenelzine
ClC=C(Cl)Cl,1,trichloroethylene
CC(N)Br,1,Bromoethanamine
Oc1ccccc1Br,1,o-bromophenol
[H][C@](O)(CO)[C@@]1([H])OC(O)=C(O)C1=O,0,Ascorbate
[H][C@]1(CO)O[C@](O)(CO)[C@@]([H])(O)[C@]1([H])O[C@]1([H])O[C@]([H])(CO)[C@]([H])(O)[C@]([H])(O)[C@@]1([H])O,0,Lactulose
[H][C@@](O)(CO)[C@@]([H])(O)[C@]([H])(O)[C@]([H])(O)CO,0,Mannitol
C[N+](C)(C)CC([O-])=O,0,Betaine
CCCCCCCCCCCCCCCC(=O)OC\C=C(C)\C=C\C=C(C)\C=C\C1=C(C)CCCC1(C)C,1,Retinylpalmitate
ClC(Cl)=C(Cl)C(Cl)=C(Cl)Cl,1,"HCBD(hexachloro-1,3-butadiene)"
NC(=O)NO,1,Hydroxyurea
OC([O-])=O,1,sodiumbicarbonate
OC(=O)CC([S-])C(O)=O,1,Aurothiolamate
NC(CO)(CO)CO,0,Tromethamine
FC(F)(F)C(Cl)Br,1,Halothan
NC(COC(=O)C=[N+]=[N-])C(O)=O,1,Azaserine
CCCCCCc1c(CC)c(CC)cc(C([O-])=O)c1C([O-])=O,1,Diethylhexylphthalate
OCC1OC(C(F)C1O)n1cc(I)c(=O)[nH]c1=O,1,Fialuridine
NCCCC(O)(P(O)(O)=O)P(O)(O)=O,0,Alendronate
CCCCCOC(=O)c1ccccc1C(=O)OCCCCC,1,Di-n-pentyl-phthalate
CCCCCCCCC(=C(OC)C([O-])=O)c1ccccc1,1,OctylMethoxycinnamate
NCCCl,1,CEA(chlorethanamine)
ClC(Cl)(Cl)Cl,1,carbontetrachloride
ClC(Cl)Cl,1,Chloroform
NCCCNCCSP(O)(O)=O,0,Amifostine
NCCNCCNCCN,1,Trientine
NCCO,0,Ethanolamine
OCCO,1,ethyleneglycol
C(Nc1ccccc1)Nc1ccccc1,1,methylenedianiline
CS(=O)(=O)OCCOS(C)(=O)=O,1,Ethanedimethanesulfonate
C=CCOC=O,1,allylformate
C[C@](N)(Cc1ccc(O)cc1)C(O)=O,0,Metyrosine
C[C@](N)(Cc1ccc(O)c(O)c1)C(O)=O,1,Methyldopa
C[C@](O)(CS(=O)(=O)c1ccc(F)cc1)C(=O)Nc1ccc(C#N)c(c1)C(F)(F)F,1,Bicalutamide
[H][C@@]12CC[C@@](O)(C#C)[C@@]1(C)CC[C@]1([H])[C@@]3([H])CCC(=O)C=C3CC[C@@]21[H],1,Norethindrone
[H][C@@]12CC[C@](C)(O)[C@@]1(C)CC[C@@]1([H])[C@@]2([H])CC[C@@]2([H])CC(=O)\C(C[C@]12C)=C/O,1,Oxymetholone
[H][C@@]12CC[C@](C)(O)[C@@]1(C)CC[C@@]1([H])[C@@]2([H])CC[C@@]2([H])CC(=O)OC[C@]12C,1,Oxandrolone
[H][C@@]12CC[C@@](O)(C#C)[C@@]1(C)CC[C@]1([H])c3ccc(O)cc3CC[C@@]21[H],1,Norgestrel
[H][C@@]12CC[C@@](O)(C#C)[C@@]1(C)CC[C@]1([H])c3ccc(OC)cc3CC[C@@]21[H],1,Mestranol
[H][C@@]12CC[C@@](O)(C#C)[C@@]1(C)CC[C@]1([H])c3ccc(OS(O)(=O)=O)cc3CC[C@@]21[H],1,17-alpha-ethynylestradiol
[H][C@@]12CCC(=O)[C@@]1(C)CC[C@]1([H])c3ccc(O)cc3CC[C@@]21[H],1,Estrogen
[H][C@@]12CC[C@@](O)(C#C)[C@@]1(C)CC[C@@]1([H])[C@@]2([H])CCC2=Cc3oncc3C[C@]12C,1,Danazol
[H][C@@]12CC[C@](O)(C(=O)CO)[C@@]1(C)C[C@]([H])(O)[C@@]1([H])[C@@]2([H])CCC2=CC(=O)CC[C@]12C,0,Hydrocortisone
[H][C@@]1(CCC2C3CCc4cc(O)ccc4C3CC[C@]12C)O[C@]1([H])O[C@]([H])(C(O)=O)[C@@]([H])(O)[C@]([H])(O)[C@@]1([H])O,1,estradiol17bglucuronide
[H][C@]1(CCO[C@](C)(c2ccccc2)c2ccc(Cl)cc2)CCCN1C,0,Clemastine
C[C@@](Cc1ccc(O)c(O)c1)(NN)C(O)=O,0,Carbidopa
[H][C@@]12CCCN1C(=O)[C@]([H])(Cc1ccccc1)N1C(=O)[C@](C)(NC(=O)[C@@]3([H])CN(C)[C@]4([H])Cc5c[nH]c6cccc(c56)[C@@]4([H])C3)O[C@@]21O,0,Dihydroergotamine
[H][C@]12C[C@]3(C)C[C@](C)(C1)C[C@](N)(C2)C3,0,Memantine
[H][C@]12N(C)CC[C@@]1(C)c1cc(OC(=O)NC)ccc1N2C,0,Eserine
[H][C@@](C)(NC)[C@@]([H])(O)c1ccccc1,0,Pseudoephedrine
[H][C@@](C)(N)C(=O)N[C@@]([H])(C)C(=O)NC1[C@]2([H])CN(C[C@]12[H])c1nc2n(cc(C(O)=O)c(=O)c2cc1F)-c1ccc(F)cc1F,1,Alatrofloxacin
[H][C@@](C)(O)C(=O)Nc1c(I)c(C(=O)NC(CO)CO)c(I)c(C(=O)NC(CO)CO)c1I,1,Iopamidol
[H][C@](C)(C(O)=O)c1ccc(c(F)c1)-c1ccccc1,1,Flurbiprofen
[H][C@](C)(C(O)=O)c1ccc2oc(nc2c1)-c1ccc(Cl)cc1,1,benoxaprofen
[H][C@]1(C)O[C@]([H])(O[C@]2([H])[C@@]([H])(CO)O[C@]([H])(O[C@]3([H])[C@@]([H])(CO)O[C@@]([H])(O)[C@]([H])(O)[C@@]3([H])O)[C@]([H])(O)[C@@]2([H])O)[C@]([H])(O)[C@@]([H])(O)[C@]1([H])N[C@@]1([H])C=C(CO)[C@]([H])(O)[C@]([H])(O)[C@@]1([H])O,1,Acarbose
[H][C@@]1(C)C[C@@]2([H])[C@]3([H])C[C@]([H])(F)C4=CC(=O)C=C[C@]4(C)[C@@]3([H])[C@@]([H])(O)C[C@]2(C)[C@@]1(O)C(=O)CO,0,Fludrocortisone Acetate
[H][C@@]1(C)C[C@@]2([H])[C@]3([H])CCC4=CC(=O)C=C[C@]4(C)[C@@]3(F)[C@@]([H])(O)C[C@]2(C)[C@@]1(O)C(=O)CO,0,Dexamethasone
[H][C@@]1(C)CC(=O)C=C(OC)[C@@]11Oc2c(C1=O)c(OC)cc(OC)c2Cl,1,Griseofulvin
[H][C@@]1(C)Nc2cc(Cl)c(cc2C(=O)N1c1ccccc1C)S(N)(=O)=O,1,Metolazone
[H][C@@](C)(CCC(O)=O)[C@@]1([H])CC[C@@]2([H])[C@]3([H])[C@@]([H])(O)C[C@]4([H])C[C@]([H])(O)CC[C@]4(C)[C@@]3([H])CC[C@]12C,1,Ursodiol
[H][C@@](C)(CCc1ccc(O)cc1)NCCc1ccc(O)c(O)c1,0,Dobutamine
[H][C@@](C)(CCc1ccccc1)NC[C@@]([H])(O)c1ccc(O)c(c1)C(N)=O,1,Labetalol
[H][C@@](C)(CCCC(C)(C)O)[C@@]1([H])CC[C@@]2([H])\C(CCC[C@]12C)=C\C=C1\C[C@]([H])(O)CCC1=C,1,Calcifediol
[H][C@@](C)(Cn1cnc2c(N)ncnc12)OCP(O)(O)=O,1,Tenofovir
[H][C@@](C)(CN1c2ccccc2Sc2ccccc12)N(C)C,0,Promethazine
[H][C@@](C)(CS)C(=O)N1CCC[C@@]1([H])C(O)=O,1,Captopril
[H][C@@](C)(N(O)C(N)=O)c1cc2ccccc2s1,1,Zileuton
CC1C(OCCN1C)C1=CC=CC=C1,0,Phendimetrazine
[H][C@](CC(C)C)(NC)C(=O)N[C@@]1([H])C(=O)N[C@@]([H])(CC(N)=O)C(=O)N[C@]2([H])c3cc(Oc4ccc(cc4Cl)[C@@]1([H])O)c(O[C@]1([H])O[C@]([H])(CO)[C@@]([H])(O)[C@]([H])(O)[C@@]1([H])O[C@@]1([H])C[C@](C)(N)[C@]([H])(O)[C@]([H])(C)O1)c(Oc1ccc(cc1Cl)[C@@]([H])(O)[C@]1([H])NC(=O)[C@]([H])(NC2=O)c2ccc(O)c(c2)-c2c(O)cc(O)cc2[C@]([H])(NC1=O)C(O)=O)c3,0,Vancomycin
[H]C1=CC([H])=CC([H])=CC(CC2O[C@@](O)(CC(O)C2C(O)=O)CC(O)C(O)CCC(O)CC(O)CC(O)CC(=O)O[C@@]([H])(C)[C@]([H])(C)[C@]([H])(O)[C@@]([H])(C)C([H])=C\C=C\CC\C=C\1)O[C@@]1([H])O[C@]([H])(C)[C@@]([H])(O)[C@]([H])(N)[C@]1([H])O,0,Nystatin
[H][C@]1(C)C[C@@]2([H])[C@]3([H])CCC4=CC(=O)C=C[C@]4(C)[C@@]3(F)[C@@]([H])(O)C[C@]2(C)[C@@]1(O)C(=O)CO,0,Betamethasone
[H][C@]1(C)CN(CCN1)c1cc2n(cc(C(O)=O)c(=O)c2cc1F)-c1ccc(F)cc1F,1,Temafloxacin
[H][C@@]1(CC[C@]2(O)[C@]3([H])CC[C@]4([H])C[C@]([H])(CC[C@]4(C)[C@@]3([H])C[C@@]([H])(O)[C@]12C)O[C@@]1([H])C[C@]([H])(O)[C@]([H])(O[C@@]2([H])C[C@]([H])(O)[C@]([H])(O[C@@]3([H])C[C@]([H])(O)[C@]([H])(O)[C@@]([H])(C)O3)[C@@]([H])(C)O2)[C@@]([H])(C)O1)C1=CC(=O)OC1,0,Digoxin
[H][C@@](O)(CC([O-])=O)C[N+](C)(C)C,0,Levocarnitin
C[N+](C)(C)CCOC(=O)CCC(=O)OCC[N+](C)(C)C,0,Succinylcholine
COc1ccc(CC2c3cc(OC)c(OC)cc3CC[N+]2(C)CCC(=O)OCCCCCOC(=O)CC[N+]2(C)CCc3cc(OC)c(OC)cc3C2Cc2ccc(OC)c(OC)c2)cc1OC,0,Atracurium
OC(CC#N)C=C,0,1-cyano-2-hydroxy-3-butene
OCC=C,1,Allylalcohol
OC(=O)Cc1ccc(OCC=C)c(Cl)c1,1,Aclofenac
ClC1C(Cl)C(Cl)C(Cl)C(Cl)C1Cl,0,Lindane
[H][C@]1(CO)O[C@@]([H])(O[C@]2([H])[C@@]([H])(O)[C@]([H])(N)C[C@]([H])(N)[C@@]2([H])O[C@@]2([H])O[C@]([H])(CN)[C@@]([H])(O)[C@]([H])(O)[C@@]2([H])N)[C@]([H])(O)[C@]1([H])O[C@@]1([H])O[C@@]([H])(CN)[C@@]([H])(O)[C@]([H])(O)[C@@]1([H])N,0,Neomycin
[H][C@]1(CO)O[C@@]([H])(O[C@]2([H])[C@@]([H])(O)[C@]([H])(N)C[C@]([H])(N)[C@@]2([H])O[C@@]2([H])O[C@]([H])(CO)[C@@]([H])(O)[C@]([H])(O)[C@@]2([H])N)[C@]([H])(O)[C@]1([H])O[C@@]1([H])O[C@@]([H])(CN)[C@@]([H])(O)[C@]([H])(O)[C@@]1([H])N,0,Paramomycin
CN(C)C(=O)Oc1ccc[n+](C)c1,0,Pyridostigmine
Cc1nc(cn1-c1ccc(cc1)[N+]([O-])=O)[N+]([O-])=O,1,Nitrefazole
Oc1c(Cl)cc(Cl)c(Cl)c1Cc1c(O)c(Cl)cc(Cl)c1Cl,1,Hexachlorophene
Oc1ccc(C(=O)c2cc(O)c(O)c(O)c2)c(O)c1O,1,Exifone
Cc1ccc(cc1)C(=O)c1cc(O)c(O)c(c1)[N+]([O-])=O,1,tolcapone
Fc1c[nH]c(=O)[nH]c1=O,1,Fluorouracil
COCCCC\C(c1ccc(cc1)C(F)(F)F)=N/OCCN,1,fluvoxamine
OCCN1CCN(CC\C=C2\c3ccccc3Sc3ccc(cc23)C(F)(F)F)CC1,0,Flupenthixol
CCCCNc1ccc(cc1)C(=O)OCCN(C)C,0,Tetracaine
Nc1cc(Cl)c(O)c(Cl)c1,1,"4-aminophenol,4-amino-2,6-dichlorophenol"
CC(C)(C)NCC(O)c1cc(O)cc(O)c1,1,Terbutaline
Nc1cc(Cl)cc(Cl)c1,0,"3,5-Dichloroanilinehydrochloride"
Cc1ccc(cc1)N(CC1=NCCN1)c1cccc(O)c1,1,Phentolamine
CCN(CC)CCNc1ccc(CO)c2sc3ccccc3c(=O)c12,1,Hycanthone
Clc1cc2Oc3cc(Cl)c(Cl)cc3Oc2cc1Cl,1,"2,3,7,8-tetrachlorodibenzo-p-dioxin"
CN1CCN(CCCN2c3ccccc3Sc3ccc(Cl)cc23)CC1,1,Prochlorperazine
NC(=O)C1CCN(CCCN2c3ccccc3Sc3ccc(Cl)cc23)CC1,1,Pipamazine
Cc1cccc(Nc2cc(Cl)nc(SCC(O)=O)n2)c1C,1,WY-14643
NC(N)=Nc1nc(CSCC\C(N)=N\S(N)(=O)=O)cs1,0,Famotidine
CC(N=C(NC#N)Nc1ccncc1)C(C)(C)C,0,Pinacidil
FC(F)(F)COc1ccc(OCC(F)(F)F)c(c1)C(=O)NCC1CCCCN1,1,Flecainide Acetate
CC(COc1ccccc1)NN,1,Phenoxypropazine
CC1(Cc2cc(OCC(O)=O)c(Cl)c(Cl)c2C1=O)c1ccccc1,1,indacrinone
OC(=O)c1ccc(cc1)N1N\C(N\C1=C1\C=CC=CC1=O)=C1\C=CC=CC1=O,1,Deferasirox
Oc1cccc2cccnc12,1,Oxyquinoline
Cc1cc(Br)c(O)c2ncccc12,1,Tilbroquinol
COc1cc2ncnc(Nc3ccc(F)c(Cl)c3)c2cc1OCCCN1CCOCC1,1,gefitinib
Clc1ccc(OCC(=O)N2CCN(Cc3ccc4OCOc4c3)CC2)cc1,1,Fipexide
[H][C@](O)(CN)c1ccc(O)c(O)c1,0,Norepinephine
Nc1ccc(C(O)=O)c(O)c1,1,AminosalicylicAcid
[O-][N+](=O)c1cccc(c1)[N+]([O-])=O,1,"1,3dinitrobenzene"
Nc1ccc(cc1)S(=O)(=O)NC(=O)c1ccccc1,0,Sulfabenzamide
Nc1ccc(cc1)C(O)=O,0,AminobenzoatePotassium
OCC(NC(=O)C(Cl)Cl)C(O)c1ccc(cc1)[N+]([O-])=O,1,Chloramphenicol
CC(COc1ccccc1)NC(C)C(O)c1ccc(O)cc1,0,Isoxsuprine
CCCCc1nc(Cl)c(CO)n1Cc1ccc(cc1)-c1ccccc1-c1nn[nH]n1,1,losartan
CCCc1nc(c(C(O)=O)n1Cc1ccc(cc1)-c1ccccc1-c1nn[nH]n1)C(C)(C)O,0,olmesartan
CC(C)(Oc1ccc(cc1)C1CC1(Cl)Cl)C(O)=O,1,Ciprofibrate
CC(C)Cc1ccc(CC(O)=O)cc1,1,Ibufenac
CC1(COc2ccc(CC3SC(=O)NC3=O)cc2)CCCCC1,1,Ciglitizone
Nc1ccc(cc1)S(=O)(=O)c1ccc(N)cc1,1,Dapsone
NC(=O)NS(=O)(=O)c1ccc(N)cc1,1,Sulfacarbamide
Nc1ccc(cc1)S(=O)(=O)Nc1nccs1,1,Sulfathiazole
N\C(Nc1ccc(Cl)cc1)=N/C(N)=NCCCCCCN=C(N)\N=C(/N)Nc1ccc(Cl)cc1,0,Chlorhexidine
FC(F)(F)Oc1ccc(NN=C(C#N)C#N)cc1,1,FCCP
Oc1ccc(Br)cc1,1,p-bromophenol
COc1ccc2c(C(=O)c3ccc(Cl)cc3)c(C)n(CC(O)=O)c2c1,1,Clometacin
CN1c2ccccc2C(NCCCCCCC(O)=O)c2ccc(Cl)cc2S1(=O)=O,1,tianeptine
CCCOc1ccc2nc(NC(=O)OC)[nH]c2c1,1,oxybendazole
CCN(CC)Cc1cc(Nc2ccnc3cc(Cl)ccc23)ccc1O,1,Amodiaquin
O=c1ccc(=O)[nH][nH]1,1,maleicacid
Brc1ccccc1,1,Bromobenzene
O=C1NC(=O)C(N1)(c1ccccc1)c1ccccc1,1,Phenytoin
OC(=O)c1cc(nc2ccccc12)-c1ccccc1,1,Cinchophen
NC(N)=NC(N)=NCCc1ccccc1,1,phenformin
OC(=O)COc1nn(Cc2ccccc2)c2ccccc12,1,Bendazac
O=C(CCNNC(=O)c1ccncc1)NCc1ccccc1,1,Nialamide
S=C=Nc1ccccc1,1,phenylisothiocyanate
C1C[n+]2ccccc2-c2cccc[n+]12,1,Diquat
NNc1nnc(NN)c2ccccc12,1,dihydralazine
Oc1ccc(cc1)C1(C(=O)Nc2ccccc12)c1ccc(O)cc1,1,Oxyphenisatine
OC(=O)c1cnc2ccccc2c1,1,Ciprofloxacin
S=C=Nc1cccc2ccccc12,1,ANIT(1-Naphthylisothiocyanate)
CCOC(Nc1ccc(cc1)C(O)=O)C(=O)c1ccc(cc1)-c1ccccc1,1,Xenazoic acid
CN(C)CCOC(c1ccccc1)c1ccccc1C,0,Orphenadrine
CC(C)N(CCC(C(N)=O)(c1ccccc1)c1ccccn1)C(C)C,1,Disopyramide
CC(NN)c1ccccc1,1,Mebanazine
NC1=NC(=O)C(O1)c1ccccc1,1,pemoline
CCc1oc2ccccc2c1C(=O)c1cc(Br)c(O)c(Br)c1,1,Benzbromarone
CN1CCN(CC(=O)N2c3c(C)scc3C(=O)Nc3ccccc23)CC1,0,telenzepine
CN1CCN2C(C1)c1ccccc1Cc1ccccc21,1,mianserin
N1c2ccccc2Sc2ccccc12,1,phenothiazine
CN1c2c(oc(=O)n(-c3ccccn3)c2=O)-c2ccccc2S1(=O)=O,1,Droxicam
OC(=O)c1cccnc1,1,nicotinic acid
Clc1ccc2oc(=O)[nH]c2c1,1,Chlorzoxazone
NC(=O)c1cnccn1,1,Pyrazinamide
Clc1ccc(CCC(Cn2ccnc2)Sc2c(Cl)cccc2Cl)cc1,0,Butoconazole
NNC(=O)c1ccncc1,1,isoniazid
OC(=O)c1ccncc1,0,Isonicotinic
CC(C)NNC(=O)c1ccncc1,1,iproniazid
OC(=O)COc1ccc(C(=O)c2cccs2)c(Cl)c1Cl,1,tienilicacid
Nc1[nH]c(=O)ncc1F,1,Flucytosine
S=c1nc[nH]c2nc[nH]c12,1,Mercaptopurine
NC(C1CC(Cl)=NO1)C(O)=O,0,acivicin
NC12CC3CC(CC(C3)C1)C2,0,Amantadine
NCC1CCC(CC1)C(O)=O,0,Tranexamic acid
[H][C@]1(CC(C2CCCCC2)C2CCCCC2)CCCCN1,1,Perhexilene
OC(CCN1CCCC1)(C1CCCCC1)c1ccccc1,0,Procyclidine
Nc1c2CCCCc2nc2ccccc12,1,tacrine
NC(N)=NCCN1CCCCCCC1,0,Guanethidine
Nc1cc(nc(=N)n1O)N1CCCCC1,0,Minoxidil
OCCN(CCO)c1nc(N2CCCCC2)c2nc(nc(N3CCCCC3)c2n1)N(CCO)CCO,0,Dipyridamole
OC(CCN1CCCCC1)(C1CC2CC1C=C2)c1ccccc1,0,Biperiden
OCCOCCN1CCN(CC1)C(c1ccccc1)c1ccc(Cl)cc1,0,Hydroxyzine
Clc1ccc2nsnc2c1NC1=NCCN1,1,tizanidin
[H][C@](CO)(C(=O)OC1CC2CCC(C1)N2C)c1ccccc1,1,Hyoscyamine
Cc1ccc(cc1)-c1cc(nn1-c1ccc(cc1)S(N)(=O)=O)C(F)(F)F,1,celecoxib
NC(N)=Nc1nc(CSCCN=CNS(=O)(=O)c2ccc(Br)cc2)cs1,1,Ebrotidine
Nc1c(CC([O-])=O)cccc1C(=O)c1ccc(Br)cc1,1,bromfenac
COC(=O)Nc1nc2ccc(cc2[nH]1)C(=O)c1cccs1,0,Nocodazole
CC(C(O)=O)c1cccc(c1)C(=O)c1ccccc1,0,ketoprofen
COc1cc(cc(OC)c1OC)C(=O)NCc1ccc(OCCN(C)C)cc1,1,Trimethobenzamide
C[n+]1ccc(cc1)-c1cc[n+](C)cc1,1,paraquat
OC(=O)Cc1csc(n1)-c1ccc(Cl)cc1,1,Fenclozic acid
CC(COc1ccccc1)N(CCCl)Cc1ccccc1,0,Phenoxybenzamine
CN(C)CCN(Cc1ccccc1)c1ccccn1,1,Tripelennamine
CC1CN(CCN1)c1cc2n(cc(C(O)=O)c(=O)c2c(C)c1F)C1CC1,1,grepafloxacin
CC(C(O)=O)c1ccc(N2CC=CC2)c(Cl)c1,1,Pirprofen
CN1S(=O)(=O)c2ccccc2C(=O)\C1=C(/O)Nc1ncc(C)s1,0,meloxicam
CN1S(=O)(=O)c2ccccc2C(=O)\C1=C(\O)Nc1nccs1,1,sudoxicam
CN1S(=O)(=O)c2ccccc2C(=O)\C1=C(\O)Nc1cc(C)on1,0,Isoxicam
OCC(O)COC(=O)c1ccccc1Nc1ccnc2cc(Cl)ccc12,1,Glafenine
CS(=O)(=O)CCNCc1ccc(o1)-c1ccc2ncnc(Nc3ccc(OCc4cccc(F)c4)c(Cl)c3)c2c1,1,lapatinib
CC(=O)Oc1ccc(cc1)C(=C1CCCCC1)c1ccc(OC(C)=O)cc1,1,Cyclofenil
CCN(CC)CCOc1ccc(cc1)C(=C(/Cl)c1ccccc1)\c1ccccc1,1,Clomiphene
Clc1ccc(COC(Cn2ccnc2)c2ccc(Cl)cc2Cl)cc1,0,Econazole
Clc1ccc(CSC(Cn2ccnc2)c2ccc(Cl)cc2Cl)cc1,0,Sulconazole
CCCN(CCC)C(=O)Cc1c(nc2ccc(Cl)cn12)-c1ccc(Cl)cc1,1,alpidem
[H]C(=CC1=C(C)CCCC1(C)C)C(\C)=C\C=C\C(C)=C\CO,1,VitaminA
[H][C@@]12C[C@]1([H])[C@@]1(C)C(=CC2=O)C(Cl)=C[C@@]2([H])[C@]3([H])CC[C@](O)(C(C)=O)[C@@]3(C)CC[C@]12[H],1,Cyproteroneacetate
[H][C@@]1(CC[C@@]2([H])[C@]3([H])CCC4=CC(=O)CC[C@]4(C)[C@@]3([H])CC[C@]12C)C(C)=O,1,Progesterone
[H][C@](CC(C)=O)(c1ccc(cc1)[N+]([O-])=O)c1c(O)oc2ccccc2c1=O,1,Acenocoumarol
CC(=O)c1ccc(cc1)S(=O)(=O)NC(=O)NC1CCCCC1,1,Acetohexamide
CC(=O)N(O)c1ccc-2c(Cc3ccccc-23)c1,1,N-hydroxy-2-acetylaminofluorene
[H][C@@](CS)(NC(C)=O)C(O)=O,0,Acetylcysteine
CC(=O)Oc1ccc(cc1)C1(C(=O)N(C(C)=O)c2ccccc12)c1ccc(OC(C)=O)cc1,1,Triacetyldiphenolisatin
[H][C@@]1(COc2ccc(cc2)N2CCN(CC2)C(C)=O)CO[C@](Cn2ccnc2)(O1)c1ccc(Cl)cc1Cl,1,Ketoconazole
CC(=O)Nc1ccc(O)cc1,1,Acetaminophen
CC(=O)Nc1ccc-2c(Cc3ccccc-23)c1,1,2-acetylaminofluorene(2-AAF)
CC(=O)Nc1nnc(s1)S(N)(=O)=O,1,Acetazolamide
COc1ccc2[nH]cc(CCNC(C)=O)c2c1,0,Melatonin
CC(O)=O,1,cadmiumchloride
[H][C@]12[C@H](OC(=O)C3=CC=CC=C3)[C@]3(O)C[C@H](OC(=O)[C@H](O)[C@@H](NC(=O)C4=CC=CC=C4)C4=CC=CC=C4)C(C)=C([C@@H](OC(C)=O)C(=O)[C@]1(C)[C@@H](O)C[C@H]1OC[C@@]21OC(C)=O)C3(C)C,1,Paclitaxel
CC(=O)OC1=CC=CC=C1C(O)=O,1,aspirin
CC(=O)OCC[N+](C)(C)C,0,AcetylcholineChloride
[H][C@@]12CC[C@@]3(CCC(=O)O3)[C@@]1(C)CC[C@@]1([H])[C@@]2([H])[C@@]([H])(CC2=CC(=O)CC[C@]12C)SC(C)=O,1,Spironolactone
CC(N)=S,1,thioacetamide
CC(Cl)C(O)Cl,1,Dichloropropanol
[H][C@@](O)(CCCN1CCC(CC1)C(O)(c1ccccc1)c1ccccc1)c1ccc(cc1)C(C)(C)C(O)=O,0,Fexofenadine
CN(C\C=C\C#CC(C)(C)C)Cc1cccc2ccccc12,1,Terbinafine
[H][C@@](O)(CCCN1CCC(CC1)C(O)(c1ccccc1)c1ccccc1)c1ccc(cc1)C(C)(C)C,0,terfenadine
[H][C@@](O)(CN1CCN(Cc2cccnc2)C[C@@]1([H])C(=O)NC(C)(C)C)C[C@@]([H])(Cc1ccccc1)C(=O)N[C@@]1([H])c2ccccc2C[C@@]1([H])O,1,indinavir
[H][C@@](O)(CNC(C)(C)C)COc1cccc2C[C@@]([H])(O)[C@@]([H])(O)Cc12,0,Nadolol
CC(C)(C)NCC(O)c1ccc(O)c(CO)c1,0,Albuterol
CC(C)(C(=O)c1cccnc1)c1cccnc1,0,Metyrapone
CC(C)(N)Cc1ccccc1,0,Phentermine
[H][C@](O)(C(=O)NCCC(O)=O)C(C)(C)CO,0,CalciumPantothenate
CC(C)(Oc1ccc(CCNC(=O)c2ccc(Cl)cc2)cc1)C(O)=O,0,Bezafibrate
CC(C)(Sc1cc(c(O)c(c1)C(C)(C)C)C(C)(C)C)Sc1cc(c(O)c(c1)C(C)(C)C)C(C)(C)C,0,Probucol
CC(C)[C@@H](C)\C=C\[C@@H](C)[C@@]1([H])CC[C@@]2([H])\C(CCC[C@]12C)=C\C=C1\C[C@@H](O)CCC1=C,0,Ergocalciferol
[H][C@@]12CCCN1C(=O)[C@]([H])(NC(=O)[C@]([H])(NC(=O)c1ccc(C)c3oc4c(C)c(=O)c(N)c(C(=O)N[C@@]5([H])C(=O)N[C@]([H])(C(C)C)C(=O)N6CCC[C@@]6([H])C(=O)N(C)CC(=O)N(C)[C@@]([H])(C(C)C)C(=O)O[C@]5([H])C)c4nc13)[C@@]([H])(C)OC(=O)[C@]([H])(C(C)C)N(C)C(=O)CN(C)C2=O)C(C)C,1,Dactinomycin
COc1cc(CNC(=O)CCCC\C=C\C(C)C)ccc1O,0,Capsaicin
CC(C)C(=O)Nc1ccc(c(c1)C(F)(F)F)[N+]([O-])=O,1,Flutamide
CC(C)c1cccc(C(C)C)c1O,0,Propofol
[H][C@](C)(C(O)=O)c1ccc(CC(C)C)cc1,1,Ibuprofen
[H][C@](COCC(C)C)(CN(Cc1ccccc1)c1ccccc1)N1CCCC1,1,Bepridil
[H][C@@](O)(CC(O)=O)C[C@@]([H])(O)\C=C\c1c(-c2ccc(F)cc2)c2ccccc2n1C(C)C,0,Fluvastatin
[H][C@@](O)(CNC(C)C)COc1ccc(CC(N)=O)cc1,0,Atenolol
[H][C@@](O)(CNC(C)C)COc1cccc2ccccc12,0,Propranolol
CC(C)Nc1ncccn1,1,Isaxonine
CC(C)NCC(O)c1cc(O)cc(O)c1,0,Metaproterenol
COC(=O)CCc1ccc(OCC(O)CNC(C)C)cc1,0,Esmolol
CC(C)NCC(O)COc1cccc2[nH]ccc12,0,Pindolol
CC(C)OC(=O)C(C)(C)Oc1ccc(cc1)C(=O)c1ccc(Cl)cc1,1,Fenofibrate
CC(C[N+](C)(C)C)OC(N)=O,0,Bethanecol
CC(C(O)=O)c1cccc(Oc2ccccc2)c1,1,Fenoprofen
CC(=C)C1CCC(C)=CC1,1,d-limonene
CC(O)(P(O)(O)=O)P(O)(O)=O,0,Etidronic acid
CC[C@]1(CCC(=O)NC1=O)c1ccccc1,1,Glutethimide
[H][C@@]12[N@]3CC[C@@]11c4cc(c(OC)cc4N(C=O)[C@@]1([H])[C@@](O)(C(=O)OC)[C@]([H])(OC(C)=O)[C@]2(CC)C=CC3)[C@]1(C[C@]2([H])CN(C[C@](O)(CC)C2)CCc2c1[nH]c1ccccc21)C(=O)OC,1,VincristineSulfate
CC[C@@]1(C(=O)NC(=O)N(C)C1=O)c1ccccc1,1,Mephobarbital
CC[C@@]1(C)CC(=O)NC1=O,1,Ethosuximide
[H][C@@]12N3CC[C@@]11c4cc(c(OC)cc4N(C)[C@@]1([H])[C@@](O)(C(=O)OC)[C@]([H])(OC(C)=O)[C@]2(CC)C=CC3)[C@]1(C[C@@]2([H])CN(C[C@](O)(CC)C2)CCc2c1[nH]c1ccccc21)C(=O)OC,0,VinblastineSulfate
[H][C@](CC)(CO)NC(=O)[C@@]1([H])CN(C)[C@]2([H])Cc3cn(C)c4cccc(C2=C1)c34,0,Methysergide Maleate
[H][C@](CC)(CO)NC(=O)[C@@]1([H])CN(C)[C@]2([H])Cc3c[nH]c4cccc(C2=C1)c34,0,Methylergonovine Maleate
[H][C@](CC)(CO)NCCN[C@@]([H])(CC)CO,1,Etambutol
[H][C@@]1(C)C[C@]([H])(N(C)C)[C@@]([H])(O)[C@]([H])(O[C@]2([H])[C@@]([H])(C)[C@]([H])(O[C@@]3([H])C[C@@](C)(OC)[C@@]([H])(O)[C@]([H])(C)O3)[C@@]([H])(C)C(=O)O[C@@]([H])(CC)[C@@](C)(O)[C@]([H])(O)[C@]([H])(C)C(=O)[C@]([H])(C)C[C@@]2(C)OC)O1,1,Clarithromycin
[H][C@](C)(CC)C(=O)O[C@@]1([H])C[C@@]([H])(C)C=C2C=C[C@]([H])(C)[C@]([H])(CC[C@]3([H])C[C@@]([H])(O)CC(=O)O3)[C@@]12[H],1,Lovastatin
[H][C@]1(Cc2cncn2C)COC(=O)[C@@]1([H])CC,0,Pilocarpine
CC[N+](C)(C)c1cccc(O)c1,0,Edrophonium Chloride
CC[N+](C)(CC)CCOC(=O)[C@@](O)(C1CCCCC1)c1ccccc1,0,Oxyphenonium
CC\C(c1ccccc1)=C(/c1ccccc1)c1ccc(OCCN(C)C)cc1,1,tamoxifen
CC=C(C)C(=O)OC1CC(C)(C)CC2C3=CCC4C5(C)CCC(O)C(C)(C)C5CCC4(C)C3(C)CCC12C(O)=O,1,lantadene
[H][C@]1(C=C(Cl)Cl)[C@]([H])(C(=O)OCc2cccc(Oc3ccccc3)c2)C1(C)C,0,Permethrin
[H][C@@]12CO[C@@]3(COS(N)(=O)=O)OC(C)(C)O[C@@]3([H])[C@]1([H])OC(C)(C)O2,0,Topiramate
CC(N)COc1c(C)cccc1C,1,Mexiletine
[H][C@]12CN3C4=C(C(=O)C(N)=C(C)C4=O)[C@@]([H])(COC(N)=O)[C@@]3(OC)[C@@]1([H])N2,0,Mitomycin
Cc1cccc(Nc2ccccc2C(O)=O)c1C,1,MefenamicAcid
[H][C@]1(Cc2ccc(OC[C@@]3(C)CCc4c(C)c(O)c(C)c(C)c4O3)cc2)SC(=O)NC1=O,1,troglitazone
Cc1[nH]n(-c2ccc(C)c(C)c2)c(=O)c1N\N=C1\C=CC=C(c2cccc(c2)C(O)=O)C1=O,1,Eltrobopag
CN(c1ccc2c(C)n(C)nc2c1)c1ccnc(Nc2ccc(C)c(c2)S(N)(=O)=O)n1,1,Pazopanib
Cc1oncc1C(=O)Nc1ccc(cc1)C(F)(F)F,1,Leflunomide
CC1=C(CC(O)=O)c2cc(F)ccc2C\1=C\c1ccc(cc1)[S@@](C)=O,1,Sulindac
Cc1nc2CCCCn2c(=O)c1CCN1CCC(CC1)c1noc2cc(F)ccc12,1,Risperidone
Cc1ccc(Cl)c(Nc2ccccc2C(O)=O)c1Cl,1,Meclofenamate
[H][C@](N)(C(=O)N[C@]1([H])C(=O)N2C(C(O)=O)=C(C)CS[C@@]12[H])c1ccc(O)cc1,1,Cefadroxil
Cc1c(oc2c(cccc2c1=O)C(=O)OCCN1CCCCC1)-c1ccccc1,0,Flavoxate
[H][C@@]12C[C@H](O)[C@@]3(C)C(=O)[C@H](O)C4=C(C)[C@H](C[C@@](O)([C@@H](OC(=O)C5=CC=CC=C5)[C@]3([H])[C@@]1(CO2)OC(C)=O)C4(C)C)OC(=O)[C@H](O)[C@@H](NC(=O)OC(C)(C)C)C1=CC=CC=C1,1,Doxetaxel
Cc1ccnc2c1NC(=O)c1cccnc1N2C1CC1,1,Nevirapine
Cc1ccc2cc3c(ccc4ccccc34)c3CCc1c23,1,3-Methylcholanthrene
Cc1cc(c(O)c(c1)C(C)(C)C)C(C)(C)C,1,Butylatedhydroxytoluene
CC(C)c1cc(OC(C)=O)c(C)cc1OCCN(C)C,1,Moxisylyte
[H][C@@](Oc1nc(C)cc(C)n1)(C(O)=O)C(OC)(c1ccccc1)c1ccccc1,1,Ambrisentan
Cc1cc(no1)C(=O)NNCc1ccccc1,1,Isocarboxazid
Cc1cc(NS(=O)(=O)c2ccc(N)cc2)no1,1,Sulfamethoxazole
CC1=CC(=O)c2ccccc2C1=O,1,Menadione
Cc1cc(C2CCCCC2)n(O)c(=O)c1,0,Ciclopirox
Cc1ccc(Nc2c(F)cccc2Cl)c(CC(O)=O)c1,1,Lumiracoxib
Cc1ccc(C)c(OCCCC(C)(C)C(O)=O)c1,1,Gemfibrozil
CC1=CC=C(C=C1)S(=O)(=O)NC(=O)NN1CCCCCC1,1,Tolazamide
[H][C@@](C)(CNC(=O)CC[C@@]1(C)C2=N[C@]([H])([C@]1([H])CC(N)=O)[C@]1(C)[N-]\C(=C(C)/C3=N/C(=C\C4=N\C(=C/2C)[C@@]([H])(CCC(N)=O)C4(C)C)[C@@]([H])(CCC(N)=O)[C@]3(C)CC(N)=O)[C@@]([H])(CCC(N)=O)[C@]1(C)CC(N)=O)OP([O-])(=O)O[C@]1([H])[C@@]([H])(CO)O[C@]([H])(n2cnc3cc(C)c(C)cc23)[C@]1([H])O,0,Cyanocobalamin
[H][C@]1(CO)O[C@]([H])(C=C1)n1cc(C)c(=O)[nH]c1=O,1,Stavudine
[H][C@@]1(C[C@]([H])(N=[N+]=[N-])[C@@]([H])(CO)O1)n1cc(C)c(=O)[nH]c1=O,1,Zidovudine
Cc1nc(C)c2CCC(=O)N(Cc3ccc(cc3)-c3ccccc3-c3nn[nH]n3)c2n1,1,Tasosartan
Cc1c(CCO)sc[n+]1Cc1cnc(C)nc1N,0,Thiamine
Cc1ncc(CO)c(CO)c1O,0,Pyridoxine
Cc1ncc(n1CCO)[N+]([O-])=O,1,Metronidazole
Cc1nnc(NS(=O)(=O)c2ccc(N)cc2)s1,1,Sulfamethizole
COc1c2N(C)C3N4C(=O)C5(C)SSC4(C(O)C3(O)c2cc(Cl)c1OC)C(=O)N5C,1,Sporidesmin
CC(O)C1NC(=O)C(C)NC(=O)C(CC(C)(O)CO)NC(=O)C2Cc3c(SCC(NC1=O)C(=O)N1CC(O)CC1C(=O)NC(C)C(=O)N2)[nH]c1ccccc31,1,phalloidin
[H]C(NN1CCN(C)CC1)=C1C(=O)c2c3C(=O)C4(C)Oc3c(C)c(O)c2C(O)=C1NC(=O)C(C)=C([H])C=C([H])C(C)C(O)C(C)C(O)C(C)C(OC(C)=O)C(C)C(OC)C=C([H])O4,1,rifampicin
[H][C@]12[C@H](C[C@@H](C)C=C1C=C[C@H](C)[C@@H]2CC[C@@H]1C[C@@H](O)CC(=O)O1)OC(=O)C(C)(C)CC,1,Simvastatin
CCC(C)C(N)C1=NC(CS1)C(=O)NC(CC(C)C)C(=O)NC(CCC(O)=O)C(=O)NC(C(C)CC)C(=O)NC1CCCCNC(=O)C(CC(N)=O)NC(=O)C(CC(O)=O)NC(=O)C(CC2C=NC=N2)NC(=O)C(Cc2ccccc2)NC(=O)C(NC(=O)C(CCCN)NC1=O)C(C)CC,0,Bacitracin
CCC(C)C1NC(=O)CNC(=O)C2Cc3c([nH]c4cc(O)ccc34)S(=O)CC(NC(=O)CNC1=O)C(=O)NC(CC(O)=O)C(=O)N1CC(O)CC1C(=O)NC(C(C)C(O)CO)C(=O)N2,1,amatoxin
[H][C@@](CC)(c1cccc(NS(=O)(=O)c2ccc(cn2)C(F)(F)F)c1)C1=C(O)C[C@@](CCC)(CCc2ccccc2)OC1=O,0,Colistimethate
CCC[C@]1(CC(=C(C(=O)O1)[C@H](CC)C2=CC(=CC=C2)NS(=O)(=O)C3=NC=C(C=C3)C(F)(F)F)O)CCC4=CC=CC=C4,1,Tipranavir
CCC1(C(=O)NC(=O)NC1=O)c1ccccc1,1,phenobarbital
CCC1(C(=O)NCNC1=O)c1ccccc1,0,primidone
CCC1(CCC(=O)NC1=O)c1ccc(N)cc1,0,Aminoglutethimide
CCc1nc(N)nc(N)c1-c1ccc(Cl)cc1,1,Pyrimethamine
[H][C@]1(CN2CCOCC2)CCc2[nH]c(C)c(CC)c2C1=O,1,Molindone
CCc1oc2ccccc2c1C(=O)c1cc(I)c(O)c(I)c1,1,Benziodarone
CCc1oc2ccccc2c1C(=O)c1ccc(O)cc1,1,Benzarone
CCc1cccc2c3CCOC(CC)(CC(O)=O)c3[nH]c12,1,Etodolac
CCc1nn(CCCN2CCN(CC2)c2cccc(Cl)c2)c(=O)n1CCOc1ccccc1,1,Nefazodone
CCC1NC(=O)C2C(Cl)C(Cl)CN2C(=O)C(CO)NC(=O)CC(NC(=O)C(CO)NC1=O)c1ccccc1,1,Cyclochlorotine
CCC1OC(=O)C(C)C(OC2CC(C)(OC)C(O)C(C)O2)C(C)C(OC2OC(C)CC(C2O)N(C)C)C(C)(O)CC(C)C(=O)C(C)C(O)C1(C)O,1,erythromycin
CCCC(C)(COC(N)=O)COC(N)=O,1,Meprobamate
CCCc1cc(=O)[nH]c(=S)[nH]1,1,Propylthiouracil
CCCCC(O)=O,0,PentanoicAcid
CCCCc1oc2ccccc2c1C(=O)c1cc(I)c(OCCN(CC)CC)c(I)c1,1,amiodarone
CCCCC1C(=O)N(N(C1=O)c1ccccc1)c1ccccc1,1,Phenylbutazone
[H][C@](CCCCCCCCCCC)(C[C@]1([H])OC(=O)[C@@]1([H])CCCCCC)OC(=O)[C@]([H])(CC(C)C)NC=O,1,Orlistat
[H][C@@]1(C)C[C@]([H])(N(C)C)[C@@]([H])(OC(=O)CC)[C@]([H])(O[C@]2([H])[C@@]([H])(C)[C@]([H])(O[C@@]3([H])C[C@@](C)(OC)[C@@]([H])(O)[C@]([H])(C)O3)[C@@]([H])(C)C(=O)O[C@]([H])(CC)[C@@](C)(O)[C@]([H])(O)[C@@]([H])(C)C(=O)[C@]([H])(C)C[C@@]2(C)O)O1,1,Erythromycinestolate
CCCCCCCCNC(C)C(O)c1ccc(SC(C)C)cc1,1,Sulotidil
[H][C@@]1(CCCCN1CCCC)C(=O)Nc1c(C)cccc1C,0,Bupivacaine
CCCCNC(=O)NS(=O)(=O)c1ccc(C)cc1,1,Tolbutamide
CCCCNc1cc(cc(c1Oc1ccccc1)S(N)(=O)=O)C(O)=O,1,Bumetanide
CCCCNc1ccc(cc1)C(=O)OCCOCCOCCOCCOCCOCCOCCOCCOCCOC,0,Benzonatate
[H][C@](N)(CCS(=N)(=O)CCCC)C(O)=O,1,Buthinioninesulphoxime
CCCNC(=O)NS(=O)(=O)c1ccc(Cl)cc1,1,Chlorpropamide
[H][C@@](O)(CNCCC)COc1ccccc1C(=O)CCc1ccccc1,0,Propafenone
CCCSc1ccc2nc(NC(=O)OC)[nH]c2c1,1,Albendazole
CCN(CC)C(=O)N1CCN(C)CC1,1,Diethylcarbamazine
CCN(CC)CC(=O)Nc1c(C)cccc1C,0,Lidocaine
CCN(CC)CC#CCOC(=O)[C@@](O)(C1CCCCC1)c1ccccc1,0,Oxybutynin
CCN(CC)CCNC(=O)c1c(C)[nH]c(\C=C2/C(=O)Nc3ccc(F)cc23)c1C,1,Sunitinib
CCN(CC)CCNC(=O)c1cc(Cl)c(N)cc1OC,1,Metoclopramide
CCN(CC)CCOc1cccc(OCCN(CC)CC)c1OCCN(CC)CC,0,Gallamine Triethiodide
CCn1cc(C(O)=O)c(=O)c2ccc(C)nc12,1,Nalidixic Acid
[H][C@]1(C)CN(CCN1)c1c(F)cc2c(c1F)n(CC)cc(C(O)=O)c2=O,1,Lomefloxacin
[H][C@@](C)(N[C@@]([H])(CCc1ccccc1)C(=O)OCC)C(=O)N1Cc2ccccc2C[C@@]1([H])C(O)=O,1,Quinapril
CCOC(=O)C(C)(C)Oc1ccc(Cl)cc1,1,Clofibrate
CCOC(=O)C1(CCN(CCc2ccc(N)cc2)CC1)c1ccccc1,1,Anileridine
CCOC(=O)c1ncn-2c1CN(C)C(=O)c1cc(F)ccc-21,0,Flumazenil
[H][C@@](NCC(=O)OCC)(C1CCCCC1)C(=O)N1CC[C@@]1([H])C(=O)NCc1ccc(cc1)C(\N)=N\O,1,Ximelagatran
CCOc1ccc(NC(C)=O)cc1,1,Phenacetin
[H][C@@](C)(Cc1ccc(OC)c(c1)S(N)(=O)=O)NCCOc1ccccc1OCC,0,Tamsulodin
[H][C@](N)(CCSCC)C(O)=O,1,L-Ethionine
CN(C)CCN(Cc1cccs1)c1ccccn1,1,Methapyrilene
ClC(Cl)=C,1,dichloroethylene
[H][C@@](CS)(NC=C(Cl)Cl)C(O)=O,1,Dichlorovinyl-cysteine
Clc1ccccc1Cl,1,Dichlorobenzene
[H][C@@](Cn1ccnc1)(OCc1ccc(Cl)cc1Cl)c1ccc(Cl)cc1Cl,0,Miconazole
Clc1cccc(c1)N1CCN(CCCn2nc3ccccn3c2=O)CC1,1,Trazodone
Clc1cccc(Cl)c1NC1=NCCN1,1,Clonidine
Clc1ccccc1C(c1ccccc1)(c1ccccc1)n1ccnc1,1,Clotrimazole
Clc1ccccc1CN1CCc2sccc2C1,1,Ticlopidine
ClC1C(=O)NC(=O)C1(Cl)c1ccccc1,1,dichlorophenylsuccinimide
ClCCN(CCCl)[P@]1(=O)NCCCO1,1,Cyclophosphamide
ClCCN(CCCl)c1c[nH]c(=O)[nH]c1=O,1,UracilMustard
ClCCN[P@@]1(=O)OCCCN1CCCl,1,Ifosfamide
[H][C@]12C[C@@]3([H])[C@]([H])(N(C)C)C(=O)\C(=C(/N)O)C(=O)[C@@]3(O)C(=O)C1=C(O)c1c(O)ccc(Cl)c1[C@@]2(C)O,1,Chlortetracycline
CN(C)C(=O)C(CCN1CCC(O)(CC1)c1ccc(Cl)cc1)(c1ccccc1)c1ccccc1,0,Loperamide
[H][C@@](O)(CNC(C)(C)C)c1cc(OC(=O)N(C)C)cc(OC(=O)N(C)C)c1,0,Bambuterol
CN(C)C\C=C(\c1ccc(Br)cc1)c1cccnc1,1,Zimeldine
CN(C)C=O,1,DMF
[H][C@@](CCN(C)C)(c1ccc(Br)cc1)c1ccccn1,0,BrompheniramineMaleate
[H][C@@](CCN(C)C)(c1ccc(Cl)cc1)c1ccccn1,1,ChlorpheniramineMaleate
CN(C)Cc1ccc(CSCCN\C(NCc2ccc3OCOc3c2)=C/[N+]([O-])=O)o1,1,Niperotidine
CN(C)CCCC1c2ccccc2Nc2ccc(Cl)cc12,1,Clomacran
CN(C)CCCN1c2ccccc2CCc2ccc(Cl)cc12,1,Clomipramine
CN(C)CCCN1c2ccccc2CCc2ccccc12,1,Imipramine
CN(C)CCCN1c2ccccc2Sc2ccc(Cl)cc12,1,chlorpromazine
CN(C)CCOC(c1ccc(Cl)cc1)c1ccccn1,0,Carbinoxamine
CN(C)CCOC(c1ccccc1)c1ccccc1,0,Diphenhydramine
CN(C)N\N=C1/N=CN=C/1C(N)=O,1,Dacarbazine
CN(CC#C)Cc1ccccc1,0,Pargyline
[H][C@@](CCC(O)=O)(NC(=O)c1ccc(cc1)N(C)Cc1cnc2nc(N)nc(N)c2n1)C=O,1,Methotrexate
CN(C)N=O,1,dimethylnitrosamine
[H][C@]1(O)O[C@]([H])(CO)[C@@]([H])(O)[C@]([H])(O)[C@@]1([H])NC(=O)N(C)N=O,0,Streptozocin
[H][C@](C)(NC)[C@]1([H])CC[C@@]([H])(N)[C@]([H])(O[C@@]2([H])[C@]([H])(N)C[C@]([H])(N)[C@@]([H])(O[C@]3([H])OC[C@@](C)(O)[C@]([H])(NC)[C@@]3([H])O)[C@]2([H])O)O1,0,Gentamycin
[H][C@@]12CC[C@]([H])(CC(C1)OC(c1ccccc1)c1ccccc1)N2C,0,Benztropine
[H][C@]12CC[C@]([H])(CC(C1)OC(=O)C(CO)c1ccccc1)N2C,0,Atropine
[H][C@@]12CC[C@@]([H])(N1C)[C@@]([H])(C(=O)OC)[C@]([H])(C2)OC(=O)c1ccccc1,1,Cocaine
Cn1c2nc[nH]c2c(=O)n(C)c1=O,0,Theophylline
CN1C(=O)OC(C)(C)C1=O,1,Trimethadione
Cc1cc(CC(O)=O)n(C)c1C(=O)c1ccc(Cl)cc1,0,Zomepirac
Cc1ccc(cc1)C(=O)c1ccc(CC(O)=O)n1C,1,Tolmetin
CN1C(c2ccc(Cl)cc2)S(=O)(=O)CCC1=O,1,Chlormezanone
[H][C@@]1(CN(C)Cc2c(N)cccc12)c1ccccc1,1,nomifensine
Cn1cc[nH]c1=S,1,Methimazole
Cn1cnc(c1Sc1ncnc2nc[nH]c12)[N+]([O-])=O,1,Azathioprine
Cn1cnc2n(C)c(=O)n(C)c(=O)c12,0,Caffeine
CN1CCC(CC1)=C1c2ccccc2C=Cc2ccccc12,1,Cyproheptadine
CN1CCC(CC1)=C1c2ccsc2C(=O)Cc2ccccc12,0,Ketotifen
CN1CCCC(CN2c3ccccc3Sc3ccccc23)C1,1,Mepazine
[H][C@]1(CCN2c3ccccc3Sc3ccc(cc23)[S@@](C)=O)CCCCN1C,1,Mesoridazine Besylate
CN1CCN(CC1)C(c1ccccc1)c1ccccc1,1,Cyclizine
CN1CCN(CC1)C1=c2ccccc2=Nc2ccc(Cl)cc2N1,1,Clozapine
CN1CCN(CCCN2c3ccccc3Sc3ccc(cc23)C(F)(F)F)CC1,1,trifluoperazine
Cn1nnc2c(ncn2c1=O)C(N)=O,0,Temozolomide
CN1S(=O)(=O)c2ccccc2C(=O)\C1=C(/O)Nc1ccccn1,1,Piroxicam
[H][C@](O)(CNC)c1ccc(O)c(O)c1,0,Epinephrine
CNC1(CCCCC1=O)c1ccccc1Cl,0,Ketamine
[H][C@](CCNC)(Oc1ccccc1C)c1ccccc1,1,atomoxetine
CNCCC=C1c2ccccc2CCc2ccccc12,1,Nortriptyline
CNNCc1ccc(cc1)C(=O)NC(C)C,1,Procarbazine
CNS(=O)(=O)Cc1ccc2[nH]cc(CCN(C)C)c2c1,0,Sumatriptan
[H][C@@]12SCC(CSc3nnnn3C)=C(N1C(=O)[C@]2(NC(=O)C1SC(S1)=C(C(N)=O)C(O)=O)OC)C(O)=O,0,Cefotetan
[H][C@]12SCC(COC(N)=O)=C(N1C(=O)[C@]2(NC(=O)Cc1cccs1)OC)C(O)=O,1,Cefoxitin
[H][C@@]1(Oc2ccc3c(oc(O)c(NC(=O)c4ccc(O)c(CC=C(C)C)c4)c3=O)c2C)OC(C)(C)[C@]([H])(OC)[C@@]([H])(OC(N)=O)[C@@]1([H])O,1,Novobiocin
[H][C@@]1(C)\C=C/C=C(C)\C(=O)NC2=C3NC4(CCN(CC(C)C)CC4)N=C3c3c4C(=O)[C@](C)(Oc4c(C)c(O)c3C2=O)O\C=C/[C@@]([H])(OC)[C@@]([H])(C)[C@@]([H])(OC(C)=O)[C@@]([H])(C)[C@@]([H])(O)[C@@]([H])(C)[C@]1([H])O,1,Rifabutin
[H][C@@]1(C)C[C@]([H])(N(C)C)[C@@]([H])(OC(C)=O)[C@]([H])(O[C@@]2([H])[C@@]([H])(C)C[C@@]3(CO3)C(=O)[C@]([H])(C)C(OC(C)=O)[C@@]([H])(C)[C@@]([H])(C)OC(=O)[C@]([H])(C)[C@@]([H])(O[C@@]3([H])C[C@]([H])(OC)[C@@]([H])(OC(C)=O)[C@]([H])(C)O3)[C@]2([H])C)O1,1,Troleandomycin
[H][C@@]1(CCN(CCCOc2ccc(F)cc2)C[C@]1([H])OC)NC(=O)c1cc(Cl)c(N)cc1OC,0,Cisapride
[H][C@@](C(=O)OC)(c1ccccc1)[C@@]1([H])CCCCN1,1,Methylphenidate
[H][C@@]1(c2cccc(c2)[N+]([O-])=O)C(C(=O)OC)=C(C)NC(C)=C1C(=O)OCCN(C)Cc1ccccc1,1,Nicardipine
[H][C@@]1(c2ccccc2[N+]([O-])=O)C(C(=O)OC)=C(C)NC(C)=C1C(=O)OCC(C)C,0,Nisoldipine
COC(=O)C1=C(C)NC(C)=C(C1c1ccccc1[N+]([O-])=O)C(=O)OC,1,Nifedipine
COC(=O)Nc1nc2ccc(cc2[nH]1)C(=O)c1ccccc1,1,Mebendazole
COC(=O)Nc1nc2ccccc2[nH]1,1,carbendazim
COc1cc(C)c(\C=C\C(C)=C\C=C\C(C)=C/C(O)=O)c(C)c1C,1,Acitretin
COc1cc(ccc1Cc1cn(C)c2ccc(NC(=O)OC3CCCC3)cc12)C(=O)NS(=O)(=O)c1ccccc1C,1,Zafirlukast
COc1cc(NS(C)(=O)=O)ccc1Nc1c2ccccc2nc2ccccc12,1,Amsacrine
COc1cc2OC3OC=CC3c2c2oc(=O)c3C(=O)CCc3c12,1,aflatoxinB1
[H][C@](C)(N)[C@]([H])(O)c1cc(OC)ccc1OC,0,Methoxamine
[H][C@]12COC(=O)[C@]1([H])[C@]([H])(c1cc(OC)c(O)c(OC)c1)c1cc3OCOc3cc1[C@@]2([H])O[C@]1([H])O[C@]2([H])CO[C@@]([H])(C)O[C@@]2([H])[C@]([H])(O)[C@@]1([H])O,1,Etoposide
COc1cc(Cc2cnc(N)nc2N)cc(OC)c1OC,1,Trimethoprim
COc1ccc(CCN2CCC(CC2)Nc2nc3ccccc3n2Cc2ccc(F)cc2)cc1,0,Astemizole
COc1ccc2c(cccc2c1C(F)(F)F)C(=S)N(C)CC(O)=O,1,Tolrestat
COc1ccccc1Oc1c(NS(=O)(=O)c2ccc(cc2)C(C)(C)C)nc(nc1OCCO)-c1ncccn1,1,Bosentan
[H][C@@]1(C[C@]([H])(N)[C@@]([H])(O)[C@]([H])(C)O1)O[C@@]1([H])C[C@@](O)(Cc2c(O)c3C(=O)c4cccc(OC)c4C(=O)c3c(O)c12)C(=O)CO,0,Epirubicin
COc1ccc2n(C(=O)c3ccc(Cl)cc3)c(C)c(CC(O)=O)c2c1,1,indomethacin
[H]C(=C)[C@@]1([H])CN2CCC1C[C@@]2([H])[C@]([H])(O)c1ccnc2ccc(OC)cc12,1,quinine
COCC(O)=O,1,Methoxyacetic Acid
[H][C@]1(C(C)C)c2ccc(F)cc2CC[C@@]1(CCN(C)CCCc1nc2ccccc2[nH]1)OC(=O)COC,0,Mibefradil
[H][C@]1(c2cccc(c2)[N+]([O-])=O)C(C(=O)OCCOC)=C(C)NC(C)=C1C(=O)OC(C)C,1,Nimodipine
CS(=O)(=O)Nc1ccc(cc1Oc1ccccc1)[N+]([O-])=O,1,Nimesulide
CS(=O)(=O)OCCCCOS(C)(=O)=O,1,Busulphan
CCCCC(F)F,1,Difluoropentane
Fc1ccc(cc1)C(CCCN1CCC(CC1)n1c2ccccc2[nH]c1=O)c1ccc(F)cc1,0,Pimozide
Fc1ccc(cc1)C(CCCN1CCC2(CC1)N(CNC2=O)c1ccccc1)c1ccc(F)cc1,1,Fluspirilene
[H][C@](N)(Cc1cc(I)c(Oc2ccc(O)c(I)c2)c(I)c1)C(O)=O,0,Liothyronine
[H][C@](N)(Cc1ccc(O)c(O)c1)C(O)=O,0,Levodopa
[H][C@](N)(CCCN=C(N)N)C(O)=O,0,L-arginine
[H][C@@](N)(C(=O)N[C@]1([H])C(=O)N2C(C(O)=O)=C(Cl)CC[C@@]12[H])c1ccccc1,0,Loracarbef
[H][C@]1(N)[C@]2([H])CN(C[C@]12[H])c1nc2n(cc(C(O)=O)c(=O)c2cc1F)-c1ccc(F)cc1F,1,Trovafloxacin
[H][C@@]1(O)O[C@]([H])(CO)[C@@]([H])(O)[C@]([H])(O)[C@@]1([H])N,1,galactosamine
NC(N)=NC(=O)c1nc(Cl)c(N)nc1N,0,Amiloride
CCCCOCC(CN1C(=O)N(CC(COCCCC)OC(N)=O)C(=O)C(CC)(C1=O)c1ccccc1)OC(N)=O,1,Tetrabamate
NC(=O)N1c2ccccc2C=Cc2ccccc12,1,Carbamazepine
NC(=O)OCC(COC(N)=O)c1ccccc1,1,Felbamate
[H][C@@]1(N)C[C@]([H])(O)[C@@]([H])(CN)O[C@]1([H])O[C@]1([H])[C@@]([H])(N)C[C@@]([H])(N)[C@]([H])(O[C@@]2([H])O[C@]([H])(CO)[C@@]([H])(O)[C@]([H])(N)[C@@]2([H])O)[C@@]1([H])O,1,Tobramycin
[H][C@]1(CO)O[C@@]([H])(n2cnc3c(N)ncnc23)[C@]([H])(O)[C@]1([H])O,0,Adenosine
[H][C@]1(O)C[C@@]([H])(O[C@]1([H])CO)n1cnc2c(N)nc(Cl)nc12,0,Cladribine
Nc1cc(c[nH]c1=O)-c1ccncc1,1,Amrinone
Nc1ccc(O)cc1,0,Para-aminophenol
Nc1ccc(cc1)S(N)(=O)=O,1,Sulfanilamide
[H][C@@]1(CO)O[C@@]([H])(CS1)n1ccc(N)nc1=O,1,Lamivudine
[H][C@@]1(CO)CC[C@@]([H])(O1)n1ccc(N)nc1=O,1,Zalcitabine
[H][C@]1(CO)O[C@@]([H])(n2cnc(N)nc2=O)[C@]([H])(O)[C@]1([H])O,1,Azacytidine
Nc1nc(=S)c2[nH]cnc2[nH]1,1,Thioguanine
Nc1ccc(\N=N\c2ccccc2)c(N)n1,1,Phenazopyridine
[H][C@@]1(CO)C[C@@]([H])(C=C1)n1cnc2c(NC3CC3)nc(N)nc12,1,Abacavir
Nc1nc2ccc(OC(F)(F)F)cc2s1,1,Riluzole
NCC1(CC(O)=O)CCCCC1,0,Gabapentin
NCCC(O)(P(O)(O)=O)P(O)(O)=O,0,Pamidronate
NCCc1ccc(O)c(O)c1,0,Dopamine
[H][C@@](CCc1ccccc1)(N[C@@]([H])(CCCCN)C(=O)N1CCC[C@@]1([H])C(O)=O)C(O)=O,1,Lisinopril
NN,1,Hydrazine
NN=O,1,nitrosamine
NS(=O)(=O)c1cc(C(O)=O)c(NCc2ccco2)cc1Cl,1,Furosemide
NS(=O)(=O)c1cc2c(NCNS2(=O)=O)cc1Cl,1,Hydrochlorothiazide
[H][C@]1(CO)O[C@@]([H])(n2cnc3c(N)ncnc23)[C@@]([H])(O)[C@]1([H])O,0,Vidarabine
[H][C@@](O)(COc1ccc2oc(cc(=O)c2c1)C(O)=O)COc1cccc2oc(cc(=O)c12)C(O)=O,0,Cromolyn
[O-]S([O-])(=O)=O,0,FeSO4
[H]C(NC(N)=O)=C1NC(=O)C(CNC(=O)CC(N)CCCN)NC(=O)C(CO)NC(=O)C(N)CNC(=O)C(NC1=O)C1CCN=C(N)N1,0,Capreomycin
CN1CCC(CC1)=C1c2ccccc2CCc2cccnc12,1,AzatadineMaleate
O=C1C(CC[S@](=O)c2ccccc2)C(=O)N(N1c1ccccc1)c1ccccc1,1,Sulfinpyrazone
O=C1NC(=O)C(=O)C(=O)N1,0,AlloxanHydrate
O=C1CC2(CCCC2)CC(=O)N1CCCCN1CCN(CC1)c1ncccn1,0,buspirone
[H][C@]12CN(CC(=O)N1CCc1ccccc21)C(=O)C1CCCCC1,0,Praziquantel
O=c1ncnc2[nH][nH]cc12,1,Allopurinol
[H][C@]1(CCn2c(ccc12)C(=O)c1ccccc1)C(O)=O,1,KetorolacTromethamine
OC(=O)c1cc(ccc1O)-c1ccc(F)cc1F,1,Diflunisal
OC(=O)C1=C/C(/C=CC1=O)=N/Nc1ccc(cc1)S(=O)(=O)Nc1ccccn1,1,Sulfasalazine
OC(=O)c1cccnc1,1,Niacin
OC(=O)Cc1ccccc1Nc1c(Cl)cccc1Cl,1,diclofenac
OC(=O)CCc1nc(c(o1)-c1ccccc1)-c1ccccc1,1,Oxaprozin
[H][C@]12CS[C@@]([H])(CCCCC(O)=O)[C@@]1([H])NC(=O)N2,0,Biotin
OC(=O)P(O)(O)=O,0,Foscarnet
OC(Cn1cncn1)(Cn1cncn1)c1ccc(F)cc1F,1,Fluconazole
[H][C@@]1(CO)CC[C@@]([H])(O1)n1cnc2c1nc[nH]c2=O,1,Didanosine
[H][C@@]1(O)O[C@@]([H])(CO)[C@@]([H])(O[C@]2([H])O[C@@]([H])(CO)[C@]([H])(O)[C@@]([H])(O)[C@]2([H])O)[C@]([H])(O)[C@@]1([H])O,0,Lactose
[H][C@]1(O)C[C@]([H])(O[C@]1([H])CO)n1cc(I)c(=O)[nH]c1=O,1,Idoxuridine
[H][C@]1(O)C[C@@]([H])(O[C@]1([H])CO)n1cc(F)c(=O)[nH]c1=O,1,Floxuridine
Oc1c(Cl)cc(Cl)cc1Sc1cc(Cl)cc(Cl)c1O,1,Bithionol
[H][C@@]12Oc3c4c(C[C@@]5([H])N(CC6CC6)CC[C@@]14[C@@]5(O)CCC2=O)ccc3O,1,Naltrexone
OC1C(O)C(O)C(O)C(O)C1O,0,Myoinositol
OCC(S)CS,1,Dimercaprol
OCCNCCNc1ccc(NCCNCCO)c2C(=O)c3c(O)ccc(O)c3C(=O)c12,1,Mitoxantrone
[H]C([H])([H])C([H])([H])N(C(=S)SSC(=S)N(C([H])([H])C([H])([H])[H])C([H])([H])C([H])([H])[H])C([H])([H])C([H])([H])[H],1,Disulfiram
CC(=O)N(O)CCCCCNC(=O)CCC(=O)N(O)CCCCCNC(=O)CCC(=O)N(O)CCCCCN,1,Deferoxamine
