smiles,inchikey,outcome
OC[C@H]1O[C@H]([S-])[C@H](O)[C@@H](O)[C@@H]1O,JUSMHIGDXPKSID-VFUOTHLCSA-M,1
CN(CCCCCCCCCCN(C)C(=O)Oc1cccc([N+](C)(C)C)c1)C(=O)Oc1cccc([N+](C)(C)C)c1,RWZVPVOZTJJMNU-UHFFFAOYSA-N,1
[C-]#N,XFXPMWWXUTWYJX-UHFFFAOYSA-N,1
COc1ccc2c(c1)[C@]13CCCC[C@@H]1[C@H](C2)N(C)CC3,MKXZASYAUGDDCJ-NJAFHUGGSA-N,0
CN1C[C@H](C(=O)N[C@]2(C)O[C@@]3(O)[C@@H]4CCCN4C(=O)[C@H](Cc4ccccc4)N3C2=O)C=C2c3cccc4[nH]cc(c34)C[C@H]21,XCGSFFUVFURLIX-VFGNJEKYSA-N,0
C[C@H]1C[C@H]2[C@@H]3CCC4=CC(=O)C=C[C@]4(C)[C@@]3(Cl)[C@@H](O)C[C@]2(C)[C@@]1(O)C(=O)CO,NBMKJKDGKREAPL-DVTGEIKXSA-N,0
C[C@H](CCC(=O)[O-])[C@H]1CC[C@H]2[C@@H]3CC[C@@H]4C[C@H](O)CC[C@]4(C)[C@H]3CC[C@]12C,SMEROWZSTRWXGI-HVATVPOCSA-M,1
C[C@H](CCC(=O)NCCS(=O)(=O)O)[C@H]1CCC2C3C(CC[C@@]21C)[C@@]1(C)CC[C@@H](O)C[C@H]1C[C@@H]3O,BHTRKEVKTKCXOH-AYSJQVDDSA-N,1
C[C@@H]1C[C@H]2[C@@H]3CCC4=CC(=O)C=C[C@]4(C)[C@@]3(Cl)[C@@H](O)C[C@]2(C)[C@@]1(OC(=O)c1ccco1)C(=O)CCl,WOFMFGQZHJDGCX-ZULDAHANSA-N,0
C=C1CC[C@@]2(O)[C@H]3Cc4ccc(O)c5c4[C@@]2(CCN3CC2CC2)[C@H]1O5,WJBLNOPPDWQMCH-MBPVOVBZSA-N,0
CC[C@]1(O)C[C@H]2CN(CCc3c([nH]c4ccccc34)[C@@](C(=O)OC)(c3cc4c(cc3OC)N(C=O)[C@H]3[C@@](O)(C(=O)OC)[C@H](OC(C)=O)[C@]5(CC)C=CCN6CC[C@]43[C@@H]65)C2)C1,OGWKCGZFUXNPDA-XQKSVPLYSA-N,1
C#C[C@]1(OC(C)=O)CC[C@H]2[C@@H]3CCC4=C[C@@H](OC(C)=O)CC[C@@H]4[C@H]3CC[C@@]21C,ONKUMRGIYFNPJW-KIEAKMPYSA-N,1
CCO[C@@H](Cc1ccc(OCCN2c3ccccc3Oc3ccccc32)cc1)C(=O)O,WMUIIGVAWPWQAW-DEOSSOPVSA-N,0
C[C@H](N)Cc1ccccc1,KWTSXDURSIMDCE-QMMMGPOBSA-N,1
CC(C)(C)NC[C@H](O)COc1nsnc1N1CCOCC1,BLJRIMJGRPQVNF-JTQLQIEISA-N,1
COc1ccc([C@@H]2Sc3ccccc3N(CCN(C)C)C(=O)[C@@H]2OC(C)=O)cc1,HSUGRBWQSSZJOP-RTWAWAEBSA-N,0
N[C@@H]1C[C@H]1c1ccccc1,AELCINSCMGFISI-DTWKUNHWSA-N,0
CCC[C@@H]1C[C@@H](C(=O)NC(C(C)Cl)[C@H]2O[C@H](SC)[C@H](O)[C@@H](O)[C@H]2O)N(C)C1,KDLRVYVGXIQJDK-NOWPCOIGSA-N,1
C=C1[C@@H]2CC[C@H]3[C@]4(C)C[C@H](O[C@@H]5O[C@H](CO)[C@@H](OS(=O)(=O)[O-])[C@H](OS(=O)(=O)[O-])[C@H]5OC(=O)CC(C)C)C[C@@H](C(=O)O)[C@H]4CC[C@]3(C2)[C@H]1O,FYQXODZRNSCOTR-QLKRWLHJSA-L,1
Cc1onc(-c2ccccc2Cl)c1C(=O)N[C@@H]1C(=O)N2[C@@H]1SC(C)(C)[C@@H]2C(=O)O,LQOLIRLGBULYKD-JKIFEVAISA-N,1
CC1(C)S[C@@H]2[C@H](NC(=O)[C@H](N)c3ccccc3)C(=O)N2[C@H]1C(=O)O,AVKUERGKIZMTKX-NJBDSQKTSA-N,0
COc1cccc(OC)c1C(=O)N[C@@H]1C(=O)N2[C@@H]1SC(C)(C)[C@@H]2C(=O)O,RJQXTJLFIWVMTO-TYNCELHUSA-N,1
Cc1onc(-c2c(Cl)cccc2Cl)c1C(=O)N[C@@H]1C(=O)N2[C@@H]1SC(C)(C)[C@@H]2C(=O)O,YFAGHNZHGGCZAX-JKIFEVAISA-N,1
CC1(C)S[C@@H]2[C@H](NC(=O)Cc3ccccc3)C(=O)N2[C@H]1C(=O)O,JGSARLDLIJGVTE-MBNYWOFBSA-N,1
CC(=O)OCC1=C(C(=O)O)N2C(=O)[C@@H](NC(=O)CSc3ccncc3)[C@H]2SC1,UQLLWWBDSUHNEB-CZUORRHYSA-N,0
CC12CC[C@](C)(C(=O)O)CC1C1=CC(=O)[C@@H]3C4(C)CCC(OC(=O)CCC(=O)O)C(C)(C)[C@@H]4CCC3(C)[C@]1(C)CC2,OBZHEBDUNPOCJG-WZCASOPNSA-N,0
CC(C)(C)NC(=O)[C@@H]1C[C@@H]2CCCC[C@@H]2CN1C[C@@H](O)[C@H](Cc1ccccc1)NC(=O)[C@H](CC(N)=O)NC(=O)c1ccc2ccccc2n1,QWAXKHKRTORLEM-UGJKXSETSA-N,1
C[N+](C)(C)CCOP(=O)([O-])OP(=O)(O)OC[C@H]1O[C@@H](n2ccc(N)nc2=O)[C@H](O)[C@@H]1O,RZZPDXZPRHQOCG-OJAKKHQRSA-N,0
C[C@H]1[C@H](NC(=O)/C(=N\OC(C)(C)C(=O)O)c2csc([NH3+])n2)C(=O)N1S(=O)(=O)[O-],WZPBZJONDBGPKJ-VEHQQRBSSA-N,0
CN[C@@H]1[C@H](O)[C@H](NC)[C@H]2O[C@@]3(O)C(=O)C[C@@H](C)O[C@H]3O[C@@H]2[C@H]1O,UNFWWIHTNXNPBV-WXKVUWSESA-N,1
COc1ccc(C[C@H](N)C(=O)NC2[C@@H](O)[C@H](n3cnc4c(N(C)C)ncnc43)O[C@@H]2CO)cc1,RXWNCPJZOCPEPQ-WABMVTPESA-N,1
CN[C@@H]1[C@H](O[C@H]2[C@H](O[C@H]3[C@H](O)[C@@H](O)[C@H](N=C(N)N)[C@@H](O)[C@@H]3N=C(N)N)O[C@@H](C)[C@]2(O)C=O)O[C@@H](CO)[C@H](O)[C@H]1O,UCSJYZPVAKXKNQ-HZYVHMACSA-N,0
C[C@H]1c2cccc(O)c2C(O)=C2C(=O)[C@]3(O)C(=O)/C(=C(/N)O)C(=O)[C@@H](N(C)C)[C@@H]3[C@@H](O)[C@@H]21,UEVKMCOZLJYVNG-NMMSOKQRSA-N,1
CN(C)[C@@H]1C(=O)/C(=C(\N)O)C(=O)[C@@]2(O)C(=O)C3=C(O)c4c(O)cccc4[C@@](C)(O)[C@H]3C[C@@H]12,JYHCQVWYCGHXGP-BPPSBWQWSA-N,1
O=C(Cc1cccs1)N[C@@H]1C(=O)N2C(C(=O)[O-])=C(C[n+]3ccccc3)CS[C@H]12,CZTQZXZIADLWOZ-CRAIPNDOSA-N,1
CCN1CCN(C(=O)N[C@@H](C(=O)N[C@@H]2C(=O)N3C(C(=O)O)=C(CSc4nnnn4C)CS[C@H]23)c2ccc(O)cc2)C(=O)C1=O,GCFBRXLSHGKWDP-XCGNWRKASA-N,0
Cn1nnnc1SCC1=C(C(=O)O)N2C(=O)[C@@H](NC(=O)[C@H](O)c3ccccc3)[C@H]2SC1,OLVCFLKTBJRLHI-AXAPSJFSSA-N,1
CN(C)CCn1nnnc1SCC1=C(C(=O)O)N2C(=O)[C@@H](NC(=O)Cc3csc(N)n3)[C@H]2SC1,QYQDKDWGWDOFFU-IUODEOHRSA-N,1
CC1(C)S[C@@H]2[C@H](NC(=O)[C@@H](NC(=O)N3CCNC3=O)c3ccccc3)C(=O)N2[C@H]1C(=O)O,JTWOMNBEOCYFNV-RSUWNVLCSA-N,0
C=C[C@H]1CN2CC[C@H]1C[C@@H]2[C@@H](O)c1ccnc2ccc(OC)cc12,LOUPRKONTZGTKE-LHHVKLHASA-N,1
CC(C)c1nc(CN(C)C(=O)N[C@H](C(=O)N[C@@H](Cc2ccccc2)C[C@H](O)[C@H](Cc2ccccc2)NC(=O)OCc2cncs2)C(C)C)cs1,NCDNCNXCDXHOMX-XGKFQTDJSA-N,1
Nc1nc(=O)c2nc(CNc3ccc(C(=O)N[C@@H](CCC(=O)O)C(=O)O)cc3)cnc2[nH]1,OVBPIULPVIDEAO-LBPRGKRZSA-N,0
Nc1nc(=O)c2c([nH]1)NCC(CNc1ccc(C(=O)N[C@@H](CCC(=O)[O-])C(=O)[O-])cc1)N2C=O,VVIAGPKUTFNRDU-ABLWVSNPSA-L,0
CC(C)(C)NC[C@@H](O)COc1ccccc1C1CCCC1,KQXKVJAGOJTNJS-OAHLLOKOSA-N,1
CO/N=C(\C(=O)N[C@@H]1C(=O)N2C(C(=O)O)=C(CSc3nc(=O)c(=O)[nH]n3C)CS[C@H]12)c1csc(N)n1,VAAUVRVFOQPIGI-SPQHTLEESA-N,1
CC(=O)OCC1=C(C(=O)O)N2C(=O)[C@@H](NC(=O)Cc3cccs3)[C@H]2SC1,XIURVHNZVLADCM-IUODEOHRSA-N,1
C/C=C/[C@@H](C)[C@@H](O)[C@H]1C(=O)N[C@@H](CC)C(=O)N(C)CC(=O)N(C)[C@@H](CC(C)C)C(=O)N[C@@H](C(C)C)C(=O)N(C)[C@@H](CC(C)C)C(=O)N[C@@H](C)C(=O)N[C@H](C)C(=O)N(C)[C@@H](CC(C)C)C(=O)N(C)[C@@H](CC(C)C)C(=O)N(C)[C@@H](CC(C)C)C(=O)N1C,DDPJWUQJQMKQIF-XPNZOOHZSA-N,1
C=C1C(=O)NC(C)C(=O)NC(CC(C)C)C(=O)NC(C(=O)O)C(C)C(=O)NC(CCCN=C(N)N)C(=O)NC(C=CC(C)=CC(C)C(Cc2ccccc2)OC)C(C)C(=O)NC(C(=O)O)CCC(=O)N1C,ZYZCGGRZINLQBL-UHFFFAOYSA-N,1
C[C@H]1C(=O)O[C@@H]2CCN3CC=C(COC(=O)[C@](C)(O)[C@]1(C)O)[C@H]23,QVCMHGGNRFRMAD-XFGHUUIASA-N,1
CO[C@@]1(NC(=O)C(C(=O)[O-])c2ccc(O)cc2)C(=O)N2C(C(=O)[O-])=C(CSc3nnnn3C)CO[C@@H]21,JWCSIUVGFCSJCK-CAVRMKNVSA-L,0
CC1=C(C(=O)O)N2C(=O)[C@@H](NC(=O)[C@H](N)C3=CCC=CC3)[C@H]2SC1,RDLPVSKMFDYCOR-UEKVPHQBSA-N,0
CC[C@H]1OC(=O)[C@@H](C)C(=O)[C@H](C)[C@@H](O[C@@H]2O[C@H](C)C[C@H](N(C)C)[C@H]2O)[C@](C)(OC)C[C@@H](C)C(=O)[C@H](C)[C@H]2N(CCCCn3cnc(-c4cccnc4)c3)C(=O)O[C@]12C,LJVAJPDWBABPEJ-MMEUOAQYSA-N,1
CC1(C)S[C@@H]2[C@H](NC(=O)[C@H](NC(=O)N3CCN(S(C)(=O)=O)C3=O)c3ccccc3)C(=O)N2[C@H]1C(=O)O,YPBATNHYBCGSSN-VWPFQQQWSA-N,1
C[C@@H](CO)NC(=O)[C@@H]1C=C2c3cccc4[nH]cc(c34)C[C@H]2N(C)C1,WVVSZNPYNCNODU-XTQGRXLLSA-N,0
NC[C@H]1O[C@H](O[C@H]2[C@H](O)[C@@H](O[C@H]3O[C@H](CO)[C@@H](O)[C@H](N)[C@H]3O)[C@H](N)C[C@@H]2N)[C@H](O)[C@@H](O)[C@@H]1O,SBUJHOSQTJFQJX-NOAMYHISSA-N,0
CC(=O)[C@]1(O)Cc2c(O)c3c(c(O)c2[C@@H](O[C@H]2C[C@H](N)[C@H](O)[C@H](C)O2)C1)C(=O)c1ccccc1C3=O,XDXDZDZNSLXDNA-TZNDIEGXSA-N,0
CC(=O)[C@H]1[C@H](C#N)C[C@H]2[C@@H]3CC=C4C[C@@H](O)CC[C@]4(C)[C@H]3CC[C@@]21C,VSBHRRMYCDQLJF-ZDNYCOCVSA-N,1
C=C1c2cccc(O)c2C(O)=C2C(=O)[C@]3(O)C(=O)/C(=C(/N)O)C(=O)[C@@H](N(C)C)[C@@H]3[C@@H](O)[C@H]12,GLFJCEVWKWQSJP-ISFNZQQKSA-N,1
C=C(C)[C@H]1Cc2c(ccc3c2O[C@@H]2COc4cc(OC)c(OC)cc4[C@@H]2C3=O)O1,JUVIOZPCNVVQFO-HBGVWJBISA-N,1
CN(C)[C@@H]1C(=O)/C(=C(\N)O)C(=O)[C@@]2(O)C(=O)C3=C(O)c4c(O)ccc(Cl)c4[C@@H](O)[C@H]3C[C@@H]12,HXPZLYXFFSKHJA-OSZITGHESA-N,1
CN(C)c1ccc(O)c2c1C[C@H]1C[C@H]3[C@H](N(C)C)C(=O)/C(=C(\N)O)C(=O)[C@@]3(O)C(=O)C1=C2O,CUJCFMVUUMIFDR-NNQQPRJISA-N,1
C[C@]12CC[C@@H]3c4ccc(O)cc4CC[C@H]3[C@@H]1CC[C@@H]2O,VOXZDWNPVJITMN-ZBRFXRBCSA-N,1
COc1cccc2c1C(=O)c1c(O)c3c(c(O)c1C2=O)C[C@@](O)(C(=O)CO)C[C@@H]3O[C@H]1C[C@H](N)[C@H](O)[C@H](C)O1,AOJJSUZBOXZQNB-TZSSRYMLSA-N,1
Nc1nc(=O)c2c([nH]1)NCC(CNc1ccc(C(=O)NC(CCC(=O)O)C(=O)O)cc1)N2C=O,VVIAGPKUTFNRDU-UHFFFAOYSA-N,0
O=C(O)CCCCCC[NH2+]C1c2ccccc2CCc2ccccc21,ONNOFKFOZAJDHT-UHFFFAOYSA-O,1
O=[N+]([O-])[O-],NHNBFGGVMKEFGY-UHFFFAOYSA-N,0
CNCCc1ccccn1,UUQMNUMQCIQDMZ-UHFFFAOYSA-N,1
O=C(CCN1CCN2CCCC2C1)N1c2ccccc2Sc2ccc(Cl)cc21,ZQTOZLYOIRKCPL-UHFFFAOYSA-N,1
CCOC(=O)Nc1ccc2c(c1)N(C(=O)CCN1CCOCC1)c1ccccc1S2,FUBVWMNBEHXPSU-UHFFFAOYSA-N,1
CC(Cc1ccc(O)cc1)NCC(O)c1cc(O)cc(O)c1,LSLYOANBFKQKPT-UHFFFAOYSA-N,1
CCOC(=O)C1(c2ccccc2)CCN(CCC(C#N)(c2ccccc2)c2ccccc2)CC1,HYPPXZBJBPSRLK-UHFFFAOYSA-N,0
O=[N+]([O-])c1cccc(O)c1[N+](=O)[O-],MHKBMNACOMRIAW-UHFFFAOYSA-N,1
C[C@]12CC[C@@H]3c4ccc(OS(=O)(=O)[O-])cc4CC[C@H]3[C@@H]1CCC2=O,JKKFKPJIXZFSSB-CBZIJGRNSA-M,1
O=C1CN(/N=C/c2ccc(-c3ccc([N+](=O)[O-])cc3)o2)C(=O)N1,OZOMQRBLCMDCEG-VIZOYTHASA-N,1
O=C1OCCN1/N=C/c1ccc([N+](=O)[O-])o1,PLHJDBGFXBMTGZ-WEVVVXLNSA-N,1
O=C1CN(/N=C\c2ccc([N+](=O)[O-])o2)C(=O)N1,NXFQHRVNIOXGAQ-OQFOIZHKSA-N,1
O=[N+]([O-])O[C@H]1CO[C@H]2[C@@H]1OC[C@H]2O[N+](=O)[O-],MOYKHGMNXAOIAT-JGWLITMVSA-N,0
C[C@@H](N)[C@@H](O)c1ccccc1,DLNKOYKMWOXYQA-VXNVDRBHSA-N,0
CC1=C(/C=C/C(C)=C/C=C/C(C)=C\C(=O)O)C(C)(C)CCC1,SHGAZHPCJJPHSC-MOLBHMLQSA-N,1
OC[C@H](O)[C@H](O)[C@@H](O)[C@@H](O)CO,FBPFZTCFMRRESA-BXKVDMCESA-N,0
CC1=C(/C=C/C(C)=C/C=C/C(C)=C/C(=O)O)C(C)(C)CCC1,SHGAZHPCJJPHSC-YCNIQYBTSA-N,1
CCCC(CCC)C(=O)O,NIJJYAXOARWZEE-UHFFFAOYSA-N,1
NCCCCCC(=O)O,SLXKOJJOQWFEFD-UHFFFAOYSA-N,0
COCc1c(C(C)C)nc(C(C)C)c(/C=C/[C@@H](O)C[C@@H](O)CC(=O)O)c1-c1ccc(F)cc1,SEERZIQQUAZTOL-ANMDKAQQSA-N,1
NNCCc1ccccc1,RMUCZJUITONUFY-UHFFFAOYSA-N,0
ClC=C(Cl)Cl,XSTXAVWGXDQKEL-UHFFFAOYSA-N,1
CC(N)Br,DEUNDOQBBBBJGK-UHFFFAOYSA-N,1
Oc1ccccc1Br,VADKRMSMGWJZCF-UHFFFAOYSA-N,1
O=C1C(O)=C(O)O[C@@H]1[C@@H](O)CO,TYQCGQRIZGCHNB-JLAZNSOCSA-N,0
OC[C@H]1O[C@@H](O[C@@H]2[C@@H](CO)O[C@](O)(CO)[C@H]2O)[C@H](O)[C@@H](O)[C@H]1O,JCQLYHFGKNRPGE-FCVZTGTOSA-N,0
OC[C@@H](O)[C@@H](O)[C@H](O)[C@H](O)CO,FBPFZTCFMRRESA-KVTDHHQDSA-N,0
C[N+](C)(C)CC(=O)[O-],KWIUHFFTVRNATP-UHFFFAOYSA-N,0
CCCCCCCCCCCCCCCC(=O)OC/C=C(C)/C=C/C=C(C)/C=C/C1=C(C)CCCC1(C)C,VYGQUTWHTHXGQB-FFHKNEKCSA-N,1
ClC(Cl)=C(Cl)C(Cl)=C(Cl)Cl,RWNKSTSCBHKHTB-UHFFFAOYSA-N,1
NC(=O)NO,VSNHCAURESNICA-UHFFFAOYSA-N,1
O=C([O-])O,BVKZGUZCCUSVTD-UHFFFAOYSA-M,1
O=C(O)CC([S-])C(=O)O,NJRXVEJTAYWCQJ-UHFFFAOYSA-M,1
NC(CO)(CO)CO,LENZDBCJOHFCAS-UHFFFAOYSA-N,0
FC(F)(F)C(Cl)Br,BCQZXOMGPXTTIC-UHFFFAOYSA-N,1
[N-]=[N+]=CC(=O)OCC(N)C(=O)O,MZZGOOYMKKIOOX-UHFFFAOYSA-N,1
CCCCCCc1c(CC)c(CC)cc(C(=O)[O-])c1C(=O)[O-],JPVGNDHUQBNGGT-UHFFFAOYSA-L,1
O=c1[nH]c(=O)n(C2OC(CO)C(O)C2F)cc1I,IPVFGAYTKQKGBM-UHFFFAOYSA-N,1
NCCCC(O)(P(=O)(O)O)P(=O)(O)O,OGSPWJRAVKPPFI-UHFFFAOYSA-N,0
CCCCCOC(=O)c1ccccc1C(=O)OCCCCC,IPKKHRVROFYTEK-UHFFFAOYSA-N,1
CCCCCCCCC(=C(OC)C(=O)[O-])c1ccccc1,SNZLFTJKILZFKF-UHFFFAOYSA-M,1
NCCCl,VKPPFDPXZWFDFA-UHFFFAOYSA-N,1
ClC(Cl)(Cl)Cl,VZGDMQKNWNREIO-UHFFFAOYSA-N,1
ClC(Cl)Cl,HEDRZPFGACZZDS-UHFFFAOYSA-N,1
NCCCNCCSP(=O)(O)O,JKOQGQFVAUAYPM-UHFFFAOYSA-N,0
NCCNCCNCCN,VILCJCGEZXAXTO-UHFFFAOYSA-N,1
NCCO,HZAXFHJVJLSVMW-UHFFFAOYSA-N,0
OCCO,LYCAIKOWRPUZTN-UHFFFAOYSA-N,1
c1ccc(NCNc2ccccc2)cc1,OHQOKJPHNPUMLN-UHFFFAOYSA-N,1
CS(=O)(=O)OCCOS(C)(=O)=O,QSQFARNGNIZGAW-UHFFFAOYSA-N,1
C=CCOC=O,ZHHZHHSFKCANOC-UHFFFAOYSA-N,1
C[C@](N)(Cc1ccc(O)cc1)C(=O)O,NHTGHBARYWONDQ-JTQLQIEISA-N,0
C[C@](N)(Cc1ccc(O)c(O)c1)C(=O)O,CJCSPKMFHVPWAR-JTQLQIEISA-N,1
C[C@](O)(CS(=O)(=O)c1ccc(F)cc1)C(=O)Nc1ccc(C#N)c(C(F)(F)F)c1,LKJPYSCBVHEWIU-KRWDZBQOSA-N,1
C#C[C@]1(O)CC[C@H]2[C@@H]3CCC4=CC(=O)CC[C@@H]4[C@H]3CC[C@@]21C,VIKNJXKGJWUCNN-XGXHKTLJSA-N,1
C[C@]12C/C(=C/O)C(=O)C[C@@H]1CC[C@@H]1[C@@H]2CC[C@@]2(C)[C@H]1CC[C@]2(C)O,ICMWWNHDUZJFDW-DHODBPELSA-N,1
C[C@]12COC(=O)C[C@@H]1CC[C@@H]1[C@@H]2CC[C@@]2(C)[C@H]1CC[C@]2(C)O,QSLJIVKCVHQPLV-PEMPUTJUSA-N,1
C#C[C@]1(O)CC[C@H]2[C@@H]3CCc4cc(O)ccc4[C@H]3CC[C@@]21C,BFPYWIDHMRZLRN-SLHNCBLASA-N,1
C#C[C@]1(O)CC[C@H]2[C@@H]3CCc4cc(OC)ccc4[C@H]3CC[C@@]21C,IMSSROKUHAOUJS-MJCUULBUSA-N,1
C#C[C@]1(O)CC[C@H]2[C@@H]3CCc4cc(OS(=O)(=O)O)ccc4[C@H]3CC[C@@]21C,WLGIWVFFGMPRLM-SLHNCBLASA-N,1
C[C@]12CC[C@@H]3c4ccc(O)cc4CC[C@H]3[C@@H]1CCC2=O,DNXHEGUUPJUMQT-CBZIJGRNSA-N,1
C#C[C@]1(O)CC[C@H]2[C@@H]3CCC4=Cc5oncc5C[C@]4(C)[C@H]3CC[C@@]21C,POZRVZJJTULAOH-LHZXLZLDSA-N,1
C[C@]12CCC(=O)C=C1CC[C@@H]1[C@@H]2[C@@H](O)C[C@@]2(C)[C@H]1CC[C@]2(O)C(=O)CO,JYGXADMDTFJGBT-VWUMJDOOSA-N,0
C[C@]12CCC3c4ccc(O)cc4CCC3C1CC[C@@H]2O[C@@H]1O[C@H](C(=O)O)[C@@H](O)[C@H](O)[C@H]1O,MTKNDAQYHASLID-RNFKDHMMSA-N,1
CN1CCC[C@@H]1CCO[C@](C)(c1ccccc1)c1ccc(Cl)cc1,YNNUSGIPVFPVBX-NHCUHLMSSA-N,0
C[C@@](Cc1ccc(O)c(O)c1)(NN)C(=O)O,TZFNLOMSOLWIDK-JTQLQIEISA-N,0
CN1C[C@H](C(=O)N[C@]2(C)O[C@@]3(O)[C@@H]4CCCN4C(=O)[C@H](Cc4ccccc4)N3C2=O)C[C@@H]2c3cccc4[nH]cc(c34)C[C@H]21,LUZRJRNZXALNLM-JGRZULCMSA-N,0
C[C@]12C[C@@H]3C[C@](C)(C1)C[C@@](N)(C3)C2,BUGYDGFZZOZRHP-CDECOKDKSA-N,0
CNC(=O)Oc1ccc2c(c1)[C@]1(C)CCN(C)[C@@H]1N2C,PIJVFDBKTWXHHD-HIFRSBDPSA-N,0
CN[C@@H](C)[C@@H](O)c1ccccc1,KWGRBVOPPLSCSI-WCBMZHEXSA-N,0
C[C@H](N)C(=O)N[C@@H](C)C(=O)NC1[C@H]2CN(c3nc4c(cc3F)c(=O)c(C(=O)O)cn4-c3ccc(F)cc3F)C[C@@H]12,UUZPPAMZDFLUHD-LZGARRQBSA-N,1
C[C@H](O)C(=O)Nc1c(I)c(C(=O)NC(CO)CO)c(I)c(C(=O)NC(CO)CO)c1I,XQZXYNRDCRIARQ-LURJTMIESA-N,1
C[C@@H](C(=O)O)c1ccc(-c2ccccc2)c(F)c1,SYTBZMRGLBWNTM-SNVBAGLBSA-N,1
C[C@@H](C(=O)O)c1ccc2oc(-c3ccc(Cl)cc3)nc2c1,MITFXPHMIHQXPI-SECBINFHSA-N,1
C[C@H]1O[C@H](O[C@H]2[C@H](O)[C@@H](O)[C@@H](O[C@H]3[C@H](O)[C@@H](O)[C@H](O)O[C@@H]3CO)O[C@@H]2CO)[C@H](O)[C@@H](O)[C@@H]1N[C@H]1C=C(CO)[C@H](O)[C@H](O)[C@H]1O,XUFXOAAUWZOOIT-JMPDRRIHSA-N,1
C[C@@H]1C[C@H]2[C@@H]3C[C@H](F)C4=CC(=O)C=C[C@]4(C)[C@H]3[C@@H](O)C[C@]2(C)[C@@]1(O)C(=O)CO,MKPDWECBUAZOHP-AFYJWTTESA-N,0
C[C@@H]1C[C@H]2[C@@H]3CCC4=CC(=O)C=C[C@]4(C)[C@@]3(F)[C@@H](O)C[C@]2(C)[C@@]1(O)C(=O)CO,UREBDLICKHMUKA-CXSFZGCWSA-N,0
COC1=CC(=O)C[C@@H](C)[C@]12Oc1c(Cl)c(OC)cc(OC)c1C2=O,DDUHZTYCFQRHIY-RBHXEPJQSA-N,1
Cc1ccccc1N1C(=O)c2cc(S(N)(=O)=O)c(Cl)cc2N[C@H]1C,AQCHWTWZEMGIFD-SNVBAGLBSA-N,1
C[C@H](CCC(=O)O)[C@H]1CC[C@H]2[C@@H]3[C@@H](O)C[C@@H]4C[C@H](O)CC[C@]4(C)[C@H]3CC[C@]12C,RUDATBOHQWOJDD-UZVSRGJWSA-N,1
C[C@H](CCc1ccc(O)cc1)NCCc1ccc(O)c(O)c1,JRWZLRBJNMZMFE-CYBMUJFWSA-N,0
C[C@H](CCc1ccccc1)NC[C@@H](O)c1ccc(O)c(C(N)=O)c1,SGUAFYQXFOLMHL-FZKQIMNGSA-N,1
C=C1CC[C@@H](O)C/C1=C/C=C1\CCC[C@]2(C)[C@@H]([C@H](C)CCCC(C)(C)O)CC[C@@H]12,JWUBBDSIWDLEOM-UEGFJKGBSA-N,1
C[C@H](Cn1cnc2c(N)ncnc21)OCP(=O)(O)O,SGOIRFVFHAKUTI-ZCFIWIBFSA-N,1
C[C@H](CN1c2ccccc2Sc2ccccc21)N(C)C,PWWVAXIEGOYWEE-CYBMUJFWSA-N,0
C[C@H](CS)C(=O)N1CCC[C@H]1C(=O)O,FAKRSMQSSFJEIM-RQJHMYQMSA-N,1
C[C@@H](c1cc2ccccc2s1)N(O)C(N)=O,MWLSOWXNZPKENC-ZETCQYMHSA-N,1
CC1C(c2ccccc2)OCCN1C,MFOCDFTXLCYLKU-UHFFFAOYSA-N,0
CN[C@H](CC(C)C)C(=O)N[C@H]1C(=O)N[C@@H](CC(N)=O)C(=O)N[C@H]2C(=O)N[C@H]3C(=O)N[C@H](C(=O)N[C@H](C(=O)O)c4cc(O)cc(O)c4-c4cc3ccc4O)[C@H](O)c3ccc(c(Cl)c3)Oc3cc2cc(c3O[C@@H]2O[C@H](CO)[C@@H](O)[C@H](O)[C@H]2O[C@H]2C[C@](C)(N)[C@H](O)[C@H](C)O2)Oc2ccc(cc2Cl)[C@H]1O,MYPYJXKWCTUITO-LYRMYLQWSA-N,0
C[C@@H]1[C@H](O)[C@@H](C)C=C/C=C/CC/C=C/C=CC=CC=CC(O[C@H]2O[C@H](C)[C@@H](O)[C@H](N)[C@@H]2O)CC2O[C@](O)(CC(O)C(O)CCC(O)CC(O)CC(O)CC(=O)O[C@H]1C)CC(O)C2C(=O)O,VQOXZBDYSJBXMA-PRNGXGTRSA-N,0
C[C@H]1C[C@H]2[C@@H]3CCC4=CC(=O)C=C[C@]4(C)[C@@]3(F)[C@@H](O)C[C@]2(C)[C@@]1(O)C(=O)CO,UREBDLICKHMUKA-DVTGEIKXSA-N,0
C[C@H]1CN(c2cc3c(cc2F)c(=O)c(C(=O)O)cn3-c2ccc(F)cc2F)CCN1,QKDHBVNJCZBTMR-NSHDSACASA-N,1
C[C@H]1O[C@@H](O[C@H]2[C@@H](O)C[C@H](O[C@H]3[C@@H](O)C[C@H](O[C@H]4CC[C@@]5(C)[C@H](CC[C@@H]6[C@@H]5C[C@@H](O)[C@]5(C)[C@@H](C7=CC(=O)OC7)CC[C@]65O)C4)O[C@@H]3C)O[C@@H]2C)C[C@H](O)[C@@H]1O,LTMHDMANZUZIPE-PUGKRICDSA-N,0
C[N+](C)(C)C[C@H](O)CC(=O)[O-],PHIQHXFUZVPYII-ZCFIWIBFSA-N,0
C[N+](C)(C)CCOC(=O)CCC(=O)OCC[N+](C)(C)C,AXOIZCJOOAYSMI-UHFFFAOYSA-N,0
COc1ccc(CC2c3cc(OC)c(OC)cc3CC[N+]2(C)CCC(=O)OCCCCCOC(=O)CC[N+]2(C)CCc3cc(OC)c(OC)cc3C2Cc2ccc(OC)c(OC)c2)cc1OC,YXSLJKQTIDHPOT-UHFFFAOYSA-N,0
C=CC(O)CC#N,PBCLOVRWBLGJQA-UHFFFAOYSA-N,0
C=CCO,XXROGKLTLUQVRX-UHFFFAOYSA-N,1
C=CCOc1ccc(CC(=O)O)cc1Cl,ARHWPKZXBHOEEE-UHFFFAOYSA-N,1
ClC1C(Cl)C(Cl)C(Cl)C(Cl)C1Cl,JLYXXMFPNIAWKQ-UHFFFAOYSA-N,0
NC[C@@H]1O[C@H](O[C@H]2[C@@H](O)[C@H](O[C@@H]3[C@@H](O)[C@H](N)C[C@H](N)[C@H]3O[C@H]3O[C@H](CN)[C@@H](O)[C@H](O)[C@H]3N)O[C@@H]2CO)[C@H](N)[C@@H](O)[C@@H]1O,PGBHMTALBVVCIT-VCIWKGPPSA-N,0
NC[C@@H]1O[C@H](O[C@H]2[C@@H](O)[C@H](O[C@@H]3[C@@H](O)[C@H](N)C[C@H](N)[C@H]3O[C@H]3O[C@H](CO)[C@@H](O)[C@H](O)[C@H]3N)O[C@@H]2CO)[C@H](N)[C@@H](O)[C@@H]1O,UOZODPSAJZTQNH-LSWIJEOBSA-N,0
CN(C)C(=O)Oc1ccc[n+](C)c1,RVOLLAQWKVFTGE-UHFFFAOYSA-N,0
Cc1nc([N+](=O)[O-])cn1-c1ccc([N+](=O)[O-])cc1,NMTBSNPBIGRZBL-UHFFFAOYSA-N,1
Oc1c(Cl)cc(Cl)c(Cl)c1Cc1c(O)c(Cl)cc(Cl)c1Cl,ACGUYXCXAPNIKK-UHFFFAOYSA-N,1
O=C(c1cc(O)c(O)c(O)c1)c1ccc(O)c(O)c1O,XEDWWPGWIXPVRQ-UHFFFAOYSA-N,1
Cc1ccc(C(=O)c2cc(O)c(O)c([N+](=O)[O-])c2)cc1,MIQPIUSUKVNLNT-UHFFFAOYSA-N,1
O=c1[nH]cc(F)c(=O)[nH]1,GHASVSINZRGABV-UHFFFAOYSA-N,1
COCCCC/C(=N\OCCN)c1ccc(C(F)(F)F)cc1,CJOFXWAVKWHTFT-XSFVSMFZSA-N,1
OCCN1CCN(CC/C=C2/c3ccccc3Sc3ccc(C(F)(F)F)cc32)CC1,NJMYODHXAKYRHW-DVZOWYKESA-N,0
CCCCNc1ccc(C(=O)OCCN(C)C)cc1,GKCBAIGFKIBETG-UHFFFAOYSA-N,0
Nc1cc(Cl)c(O)c(Cl)c1,KGEXISHTCZHGFT-UHFFFAOYSA-N,1
CC(C)(C)NCC(O)c1cc(O)cc(O)c1,XWTYSIMOBUGWOL-UHFFFAOYSA-N,1
Nc1cc(Cl)cc(Cl)c1,UQRLKWGPEVNVHT-UHFFFAOYSA-N,0
Cc1ccc(N(CC2=NCCN2)c2cccc(O)c2)cc1,MRBDMNSDAVCSSF-UHFFFAOYSA-N,1
CCN(CC)CCNc1ccc(CO)c2sc3ccccc3c(=O)c12,MFZWMTSUNYWVBU-UHFFFAOYSA-N,1
Clc1cc2c(cc1Cl)Oc1cc(Cl)c(Cl)cc1O2,HGUFODBRKLSHSI-UHFFFAOYSA-N,1
CN1CCN(CCCN2c3ccccc3Sc3ccc(Cl)cc32)CC1,WIKYUJGCLQQFNW-UHFFFAOYSA-N,1
NC(=O)C1CCN(CCCN2c3ccccc3Sc3ccc(Cl)cc32)CC1,OSJJYEUEJRVVOD-UHFFFAOYSA-N,1
Cc1cccc(Nc2cc(Cl)nc(SCC(=O)O)n2)c1C,SZRPDCCEHVWOJX-UHFFFAOYSA-N,1
NC(N)=Nc1nc(CSCC/C(N)=N/S(N)(=O)=O)cs1,XUFQPHANEAPEMJ-UHFFFAOYSA-N,0
CC(N=C(NC#N)Nc1ccncc1)C(C)(C)C,IVVNZDGDKPTYHK-UHFFFAOYSA-N,0
O=C(NCC1CCCCN1)c1cc(OCC(F)(F)F)ccc1OCC(F)(F)F,DJBNUMBKLMJRSA-UHFFFAOYSA-N,1
CC(COc1ccccc1)NN,QNEXFJFTGQBXBJ-UHFFFAOYSA-N,1
CC1(c2ccccc2)Cc2cc(OCC(=O)O)c(Cl)c(Cl)c2C1=O,PRKWVSHZYDOZLP-UHFFFAOYSA-N,1
O=C1C=CC=C/C1=C1\N/C(=C2/C=CC=CC2=O)N(c2ccc(C(=O)O)cc2)N1,FMSOAWSKCWYLBB-VBGLAJCLSA-N,1
Oc1cccc2cccnc12,MCJGNVYPOGVAJF-UHFFFAOYSA-N,1
Cc1cc(Br)c(O)c2ncccc12,JMOVFFLYGIQXMM-UHFFFAOYSA-N,1
COc1cc2ncnc(Nc3ccc(F)c(Cl)c3)c2cc1OCCCN1CCOCC1,XGALLCVXEZPNRQ-UHFFFAOYSA-N,1
O=C(COc1ccc(Cl)cc1)N1CCN(Cc2ccc3c(c2)OCO3)CC1,BFUJHVVEMMWLHC-UHFFFAOYSA-N,1
NC[C@H](O)c1ccc(O)c(O)c1,SFLSHLFXELFNJZ-QMMMGPOBSA-N,0
Nc1ccc(C(=O)O)c(O)c1,WUBBRNOQWQTFEX-UHFFFAOYSA-N,1
O=[N+]([O-])c1cccc([N+](=O)[O-])c1,WDCYWAQPCXBPJA-UHFFFAOYSA-N,1
Nc1ccc(S(=O)(=O)NC(=O)c2ccccc2)cc1,PBCZLFBEBARBBI-UHFFFAOYSA-N,0
Nc1ccc(C(=O)O)cc1,ALYNCZNDIQEVRV-UHFFFAOYSA-N,0
O=C(NC(CO)C(O)c1ccc([N+](=O)[O-])cc1)C(Cl)Cl,WIIZWVCIJKGZOK-UHFFFAOYSA-N,1
CC(COc1ccccc1)NC(C)C(O)c1ccc(O)cc1,BMUKKTUHUDJSNZ-UHFFFAOYSA-N,0
CCCCc1nc(Cl)c(CO)n1Cc1ccc(-c2ccccc2-c2nn[nH]n2)cc1,PSIFNNKUMBGKDQ-UHFFFAOYSA-N,1
CCCc1nc(C(C)(C)O)c(C(=O)O)n1Cc1ccc(-c2ccccc2-c2nn[nH]n2)cc1,VTRAEEWXHOVJFV-UHFFFAOYSA-N,0
CC(C)(Oc1ccc(C2CC2(Cl)Cl)cc1)C(=O)O,KPSRODZRAIWAKH-UHFFFAOYSA-N,1
CC(C)Cc1ccc(CC(=O)O)cc1,CYWFCPPBTWOZSF-UHFFFAOYSA-N,1
CC1(COc2ccc(CC3SC(=O)NC3=O)cc2)CCCCC1,YZFWTZACSRHJQD-UHFFFAOYSA-N,1
Nc1ccc(S(=O)(=O)c2ccc(N)cc2)cc1,MQJKPEGWNLWLTK-UHFFFAOYSA-N,1
NC(=O)NS(=O)(=O)c1ccc(N)cc1,WVAKABMNNSMCDK-UHFFFAOYSA-N,1
Nc1ccc(S(=O)(=O)Nc2nccs2)cc1,JNMRHUJNCSQMMB-UHFFFAOYSA-N,1
NC(=NCCCCCCN=C(N)/N=C(\N)Nc1ccc(Cl)cc1)/N=C(\N)Nc1ccc(Cl)cc1,GHXZTYHSJHQHIJ-UHFFFAOYSA-N,0
N#CC(C#N)=NNc1ccc(OC(F)(F)F)cc1,BMZRVOVNUMQTIN-UHFFFAOYSA-N,1
Oc1ccc(Br)cc1,GZFGOTFRPZRKDS-UHFFFAOYSA-N,1
COc1ccc2c(C(=O)c3ccc(Cl)cc3)c(C)n(CC(=O)O)c2c1,DGMZLCLHHVYDIS-UHFFFAOYSA-N,1
CN1c2ccccc2C(NCCCCCCC(=O)O)c2ccc(Cl)cc2S1(=O)=O,JICJBGPOMZQUBB-UHFFFAOYSA-N,1
CCCOc1ccc2nc(NC(=O)OC)[nH]c2c1,RAOCRURYZCVHMG-UHFFFAOYSA-N,1
CCN(CC)Cc1cc(Nc2ccnc3cc(Cl)ccc23)ccc1O,OVCDSSHSILBFBN-UHFFFAOYSA-N,1
O=c1ccc(=O)[nH][nH]1,BGRDGMRNKXEXQD-UHFFFAOYSA-N,1
Brc1ccccc1,QARVLSVVCXYDNA-UHFFFAOYSA-N,1
O=C1NC(=O)C(c2ccccc2)(c2ccccc2)N1,CXOFVDLJLONNDW-UHFFFAOYSA-N,1
O=C(O)c1cc(-c2ccccc2)nc2ccccc12,YTRMTPPVNRALON-UHFFFAOYSA-N,1
NC(N)=NC(N)=NCCc1ccccc1,ICFJFFQQTFMIBG-UHFFFAOYSA-N,1
O=C(O)COc1nn(Cc2ccccc2)c2ccccc12,BYFMCKSPFYVMOU-UHFFFAOYSA-N,1
O=C(CCNNC(=O)c1ccncc1)NCc1ccccc1,NOIIUHRQUVNIDD-UHFFFAOYSA-N,1
S=C=Nc1ccccc1,QKFJKGMPGYROCL-UHFFFAOYSA-N,1
c1cc[n+]2c(c1)-c1cccc[n+]1CC2,SYJFEGQWDCRVNX-UHFFFAOYSA-N,1
NNc1nnc(NN)c2ccccc12,VQKLRVZQQYVIJW-UHFFFAOYSA-N,1
O=C1Nc2ccccc2C1(c1ccc(O)cc1)c1ccc(O)cc1,SJDACOMXKWHBOW-UHFFFAOYSA-N,1
O=C(O)c1cnc2ccccc2c1,DJXNJVFEFSWHLY-UHFFFAOYSA-N,1
S=C=Nc1cccc2ccccc12,JBDOSUUXMYMWQH-UHFFFAOYSA-N,1
CCOC(Nc1ccc(C(=O)O)cc1)C(=O)c1ccc(-c2ccccc2)cc1,BPOMPTVRBWXZBY-UHFFFAOYSA-N,1
Cc1ccccc1C(OCCN(C)C)c1ccccc1,QVYRGXJJSLMXQH-UHFFFAOYSA-N,0
CC(C)N(CCC(C(N)=O)(c1ccccc1)c1ccccn1)C(C)C,UVTNFZQICZKOEM-UHFFFAOYSA-N,1
CC(NN)c1ccccc1,HHRZAEJMHSGZNP-UHFFFAOYSA-N,1
NC1=NC(=O)C(c2ccccc2)O1,NRNCYVBFPDDJNE-UHFFFAOYSA-N,1
CCc1oc2ccccc2c1C(=O)c1cc(Br)c(O)c(Br)c1,WHQCHUCQKNIQEC-UHFFFAOYSA-N,1
Cc1scc2c1N(C(=O)CN1CCN(C)CC1)c1ccccc1NC2=O,VSWPGAIWKHPTKX-UHFFFAOYSA-N,0
CN1CCN2c3ccccc3Cc3ccccc3C2C1,UEQUQVLFIPOEMF-UHFFFAOYSA-N,1
c1ccc2c(c1)Nc1ccccc1S2,WJFKNYWRSNBZNX-UHFFFAOYSA-N,1
CN1c2c(oc(=O)n(-c3ccccn3)c2=O)-c2ccccc2S1(=O)=O,OEHFRZLKGRKFAS-UHFFFAOYSA-N,1
O=C(O)c1cccnc1,PVNIIMVLHYAWGP-UHFFFAOYSA-N,1
O=c1[nH]c2cc(Cl)ccc2o1,TZFWDZFKRBELIQ-UHFFFAOYSA-N,1
NC(=O)c1cnccn1,IPEHBUMCGVEMRF-UHFFFAOYSA-N,1
Clc1ccc(CCC(Cn2ccnc2)Sc2c(Cl)cccc2Cl)cc1,SWLMUYACZKCSHZ-UHFFFAOYSA-N,0
NNC(=O)c1ccncc1,QRXWMOHMRWLFEY-UHFFFAOYSA-N,1
O=C(O)c1ccncc1,TWBYWOBDOCUKOW-UHFFFAOYSA-N,0
CC(C)NNC(=O)c1ccncc1,NYMGNSNKLVNMIA-UHFFFAOYSA-N,1
O=C(O)COc1ccc(C(=O)c2cccs2)c(Cl)c1Cl,AGHANLSBXUWXTB-UHFFFAOYSA-N,1
Nc1[nH]c(=O)ncc1F,XRECTZIEBJDKEO-UHFFFAOYSA-N,1
S=c1nc[nH]c2nc[nH]c12,GLVAUDGFNGKCSF-UHFFFAOYSA-N,1
NC(C(=O)O)C1CC(Cl)=NO1,QAWIHIJWNYOLBE-UHFFFAOYSA-N,0
NC12CC3CC(CC(C3)C1)C2,DKNWSYNQZKUICI-UHFFFAOYSA-N,0
NCC1CCC(C(=O)O)CC1,GYDJEQRTZSCIOI-UHFFFAOYSA-N,0
C1CCC(C(C[C@H]2CCCCN2)C2CCCCC2)CC1,CYXKNKQEMFBLER-GOSISDBHSA-N,1
OC(CCN1CCCC1)(c1ccccc1)C1CCCCC1,WYDUSKDSKCASEF-UHFFFAOYSA-N,0
Nc1c2c(nc3ccccc13)CCCC2,YLJREFDVOIBQDA-UHFFFAOYSA-N,1
NC(N)=NCCN1CCCCCCC1,ACGDKVXYNVEAGU-UHFFFAOYSA-N,0
N=c1nc(N2CCCCC2)cc(N)n1O,ZIMGGGWCDYVHOY-UHFFFAOYSA-N,0
OCCN(CCO)c1nc(N2CCCCC2)c2nc(N(CCO)CCO)nc(N3CCCCC3)c2n1,IZEKFCXSFNUWAM-UHFFFAOYSA-N,0
OC(CCN1CCCCC1)(c1ccccc1)C1CC2C=CC1C2,YSXKPIUOCJLQIE-UHFFFAOYSA-N,0
OCCOCCN1CCN(C(c2ccccc2)c2ccc(Cl)cc2)CC1,ZQDWXGKKHFNSQK-UHFFFAOYSA-N,0
Clc1ccc2nsnc2c1NC1=NCCN1,XFYDIVBRZNQMJC-UHFFFAOYSA-N,1
CN1C2CCC1CC(OC(=O)[C@H](CO)c1ccccc1)C2,RKUNBYITZUJHSG-LGGPCSOHSA-N,1
Cc1ccc(-c2cc(C(F)(F)F)nn2-c2ccc(S(N)(=O)=O)cc2)cc1,RZEKVGVHFLEQIL-UHFFFAOYSA-N,1
NC(N)=Nc1nc(CSCCN=CNS(=O)(=O)c2ccc(Br)cc2)cs1,ZQHFZHPUZXNPMF-UHFFFAOYSA-N,1
Nc1c(CC(=O)[O-])cccc1C(=O)c1ccc(Br)cc1,ZBPLOVFIXSTCRZ-UHFFFAOYSA-M,1
COC(=O)Nc1nc2ccc(C(=O)c3cccs3)cc2[nH]1,KYRVNWMVYQXFEU-UHFFFAOYSA-N,0
CC(C(=O)O)c1cccc(C(=O)c2ccccc2)c1,DKYWVDODHFEZIM-UHFFFAOYSA-N,0
COc1cc(C(=O)NCc2ccc(OCCN(C)C)cc2)cc(OC)c1OC,FEZBIKUBAYAZIU-UHFFFAOYSA-N,1
C[n+]1ccc(-c2cc[n+](C)cc2)cc1,INFDPOAKFNIJBF-UHFFFAOYSA-N,1
O=C(O)Cc1csc(-c2ccc(Cl)cc2)n1,APBSKHYXXKHJFK-UHFFFAOYSA-N,1
CC(COc1ccccc1)N(CCCl)Cc1ccccc1,QZVCTJOXCFMACW-UHFFFAOYSA-N,0
CN(C)CCN(Cc1ccccc1)c1ccccn1,UFLGIAIHIAPJJC-UHFFFAOYSA-N,1
Cc1c(F)c(N2CCNC(C)C2)cc2c1c(=O)c(C(=O)O)cn2C1CC1,AIJTTZAVMXIJGM-UHFFFAOYSA-N,1
CC(C(=O)O)c1ccc(N2CC=CC2)c(Cl)c1,PIDSZXPFGCURGN-UHFFFAOYSA-N,1
Cc1cnc(N/C(O)=C2/C(=O)c3ccccc3S(=O)(=O)N2C)s1,DWMREKMVXIFPFM-ACCUITESSA-N,0
CN1/C(=C(\O)Nc2nccs2)C(=O)c2ccccc2S1(=O)=O,BUWFBFMAUTYMQT-BENRWUELSA-N,1
Cc1cc(N/C(O)=C2\C(=O)c3ccccc3S(=O)(=O)N2C)no1,LXLDMERTXJKSMN-OWBHPGMISA-N,0
O=C(OCC(O)CO)c1ccccc1Nc1ccnc2cc(Cl)ccc12,GWOFUCIGLDBNKM-UHFFFAOYSA-N,1
CS(=O)(=O)CCNCc1ccc(-c2ccc3ncnc(Nc4ccc(OCc5cccc(F)c5)c(Cl)c4)c3c2)o1,BCFGMOOMADDAQU-UHFFFAOYSA-N,1
CC(=O)Oc1ccc(C(=C2CCCCC2)c2ccc(OC(C)=O)cc2)cc1,GVOUFPWUYJWQSK-UHFFFAOYSA-N,1
CCN(CC)CCOc1ccc(/C(=C(\Cl)c2ccccc2)c2ccccc2)cc1,GKIRPKYJQBWNGO-QPLCGJKRSA-N,1
Clc1ccc(COC(Cn2ccnc2)c2ccc(Cl)cc2Cl)cc1,LEZWWPYKPKIXLL-UHFFFAOYSA-N,0
Clc1ccc(CSC(Cn2ccnc2)c2ccc(Cl)cc2Cl)cc1,AFNXATANNDIXLG-UHFFFAOYSA-N,0
CCCN(CCC)C(=O)Cc1c(-c2ccc(Cl)cc2)nc2ccc(Cl)cn12,JRTIDHTUMYMPRU-UHFFFAOYSA-N,1
CC1=C(C=C/C(C)=C/C=C/C(C)=C/CO)C(C)(C)CCC1,FPIPGXGPPPQFEQ-BZQSRRHYSA-N,1
CC(=O)[C@@]1(O)CC[C@H]2[C@@H]3C=C(Cl)C4=CC(=O)[C@@H]5C[C@@H]5[C@]4(C)[C@H]3CC[C@@]21C,DUSHUSLJJMDGTE-ZJPMUUANSA-N,1
CC(=O)[C@H]1CC[C@H]2[C@@H]3CCC4=CC(=O)CC[C@]4(C)[C@H]3CC[C@]12C,RJKFOVLPORLFTN-LEKSSAKUSA-N,1
CC(=O)C[C@@H](c1ccc([N+](=O)[O-])cc1)c1c(O)oc2ccccc2c1=O,WWBYDEQHYAEHLT-HNNXBMFYSA-N,1
CC(=O)c1ccc(S(=O)(=O)NC(=O)NC2CCCCC2)cc1,VGZSUPCWNCWDAN-UHFFFAOYSA-N,1
CC(=O)N(O)c1ccc2c(c1)Cc1ccccc1-2,SOKUIEGXJHVFDV-UHFFFAOYSA-N,1
CC(=O)N[C@@H](CS)C(=O)O,PWKSKIMOESPYIA-BYPYZUCNSA-N,0
CC(=O)Oc1ccc(C2(c3ccc(OC(C)=O)cc3)C(=O)N(C(C)=O)c3ccccc32)cc1,JPGUEMQIAGJQSJ-UHFFFAOYSA-N,1
CC(=O)N1CCN(c2ccc(OC[C@@H]3CO[C@@](Cn4ccnc4)(c4ccc(Cl)cc4Cl)O3)cc2)CC1,XMAYWYJOQHXEEK-ZEQKJWHPSA-N,1
CC(=O)Nc1ccc(O)cc1,RZVAJINKPMORJF-UHFFFAOYSA-N,1
CC(=O)Nc1ccc2c(c1)Cc1ccccc1-2,CZIHNRWJTSTCEX-UHFFFAOYSA-N,1
CC(=O)Nc1nnc(S(N)(=O)=O)s1,BZKPWHYZMXOIDC-UHFFFAOYSA-N,1
COc1ccc2[nH]cc(CCNC(C)=O)c2c1,DRLFMBDRBRZALE-UHFFFAOYSA-N,0
CC(=O)O,QTBSBXVTEAMEQO-UHFFFAOYSA-N,1
CC(=O)O[C@H]1C(=O)[C@@]2(C)[C@H]([C@H](OC(=O)c3ccccc3)[C@]3(O)C[C@H](OC(=O)[C@H](O)[C@@H](NC(=O)c4ccccc4)c4ccccc4)C(C)=C1C3(C)C)[C@]1(OC(C)=O)CO[C@@H]1C[C@@H]2O,RCINICONZNJXQF-MZXODVADSA-N,1
CC(=O)Oc1ccccc1C(=O)O,BSYNRYMUTXBXSQ-UHFFFAOYSA-N,1
CC(=O)OCC[N+](C)(C)C,OIPILFWXSMYKGL-UHFFFAOYSA-N,0
CC(=O)S[C@@H]1CC2=CC(=O)CC[C@]2(C)[C@H]2CC[C@@]3(C)[C@@H](CC[C@@]34CCC(=O)O4)[C@H]12,LXMSZDCAJNLERA-ZHYRCANASA-N,1
CC(N)=S,YUKQRDCYNOVPGJ-UHFFFAOYSA-N,1
CC(Cl)C(O)Cl,FLTSEOGWHPJWRV-UHFFFAOYSA-N,1
CC(C)(C(=O)O)c1ccc([C@H](O)CCCN2CCC(C(O)(c3ccccc3)c3ccccc3)CC2)cc1,RWTNPBWLLIMQHL-GDLZYMKVSA-N,0
CN(C/C=C/C#CC(C)(C)C)Cc1cccc2ccccc12,DOMXUEMWDBAQBQ-WEVVVXLNSA-N,1
CC(C)(C)c1ccc([C@H](O)CCCN2CCC(C(O)(c3ccccc3)c3ccccc3)CC2)cc1,GUGOEEXESWIERI-SSEXGKCCSA-N,0
CC(C)(C)NC(=O)[C@@H]1CN(Cc2cccnc2)CCN1C[C@@H](O)C[C@@H](Cc1ccccc1)C(=O)N[C@H]1c2ccccc2C[C@H]1O,CBVCZFGXHXORBI-PXQQMZJSSA-N,1
CC(C)(C)NC[C@@H](O)COc1cccc2c1C[C@H](O)[C@H](O)C2,VWPOSFSPZNDTMJ-YUELXQCFSA-N,0
CC(C)(C)NCC(O)c1ccc(O)c(CO)c1,NDAUXUAQIAJITI-UHFFFAOYSA-N,0
CC(C)(C(=O)c1cccnc1)c1cccnc1,FJLBFSROUSIWMA-UHFFFAOYSA-N,0
CC(C)(N)Cc1ccccc1,DHHVAGZRUROJKS-UHFFFAOYSA-N,0
CC(C)(CO)[C@@H](O)C(=O)NCCC(=O)O,GHOKWGTUZJEAQD-ZETCQYMHSA-N,0
CC(C)(Oc1ccc(CCNC(=O)c2ccc(Cl)cc2)cc1)C(=O)O,IIBYAHWJQTYFKB-UHFFFAOYSA-N,0
CC(C)(Sc1cc(C(C)(C)C)c(O)c(C(C)(C)C)c1)Sc1cc(C(C)(C)C)c(O)c(C(C)(C)C)c1,FYPMFJGVHOHGLL-UHFFFAOYSA-N,0
C=C1CC[C@H](O)C/C1=C/C=C1\CCC[C@]2(C)[C@@H]([C@H](C)/C=C/[C@H](C)C(C)C)CC[C@@H]12,MECHNRXZTMCUDQ-RKHKHRCZSA-N,0
Cc1c2oc3c(C)ccc(C(=O)N[C@H]4C(=O)N[C@H](C(C)C)C(=O)N5CCC[C@H]5C(=O)N(C)CC(=O)N(C)[C@@H](C(C)C)C(=O)O[C@@H]4C)c3nc-2c(C(=O)N[C@H]2C(=O)N[C@H](C(C)C)C(=O)N3CCC[C@H]3C(=O)N(C)CC(=O)N(C)[C@@H](C(C)C)C(=O)O[C@@H]2C)c(N)c1=O,RJURFGZVJUQBHK-AQDADIDBSA-N,1
COc1cc(CNC(=O)CCCC/C=C/C(C)C)ccc1O,YKPUWZUDDOIDPM-SOFGYWHQSA-N,0
CC(C)C(=O)Nc1ccc([N+](=O)[O-])c(C(F)(F)F)c1,MKXKFYHWDHIYRV-UHFFFAOYSA-N,1
CC(C)c1cccc(C(C)C)c1O,OLBCVFGFOZPWHH-UHFFFAOYSA-N,0
CC(C)Cc1ccc([C@@H](C)C(=O)O)cc1,HEFNNWSXXWATRW-SNVBAGLBSA-N,1
CC(C)COC[C@@H](CN(Cc1ccccc1)c1ccccc1)N1CCCC1,UIEATEWHFDRYRU-XMMPIXPASA-N,1
CC(C)n1c(/C=C/[C@H](O)C[C@H](O)CC(=O)O)c(-c2ccc(F)cc2)c2ccccc21,FJLGEFLZQAZZCD-JUFISIKESA-N,0
CC(C)NC[C@@H](O)COc1ccc(CC(N)=O)cc1,METKIMKYRPQLGS-GFCCVEGCSA-N,0
CC(C)NC[C@@H](O)COc1cccc2ccccc12,AQHHHDLHHXJYJD-CQSZACIVSA-N,0
CC(C)Nc1ncccn1,FTCYIGBVOHNHCD-UHFFFAOYSA-N,1
CC(C)NCC(O)c1cc(O)cc(O)c1,LMOINURANNBYCM-UHFFFAOYSA-N,0
COC(=O)CCc1ccc(OCC(O)CNC(C)C)cc1,AQNDDEOPVVGCPG-UHFFFAOYSA-N,0
CC(C)NCC(O)COc1cccc2[nH]ccc12,JZQKKSLKJUAGIC-UHFFFAOYSA-N,0
CC(C)OC(=O)C(C)(C)Oc1ccc(C(=O)c2ccc(Cl)cc2)cc1,YMTINGFKWWXKFG-UHFFFAOYSA-N,1
CC(C[N+](C)(C)C)OC(N)=O,NZUPCNDJBJXXRF-UHFFFAOYSA-O,0
CC(C(=O)O)c1cccc(Oc2ccccc2)c1,RDJGLLICXDHJDY-UHFFFAOYSA-N,1
C=C(C)C1CC=C(C)CC1,XMGQYMWWDOXHJM-UHFFFAOYSA-N,1
CC(O)(P(=O)(O)O)P(=O)(O)O,DBVJJBKOTRCVKF-UHFFFAOYSA-N,0
CC[C@@]1(c2ccccc2)CCC(=O)NC1=O,JMBQKKAJIKAWKF-ZDUSSCGKSA-N,1
CC[C@]1(O)C[C@H]2CN(CCc3c([nH]c4ccccc34)[C@@](C(=O)OC)(c3cc4c(cc3OC)N(C=O)[C@H]3[C@@](O)(C(=O)OC)[C@H](OC(C)=O)[C@]5(CC)C=CCN6CC[C@]43[C@@H]65)C2)C1,OGWKCGZFUXNPDA-XQKSVPLYSA-N,1
CC[C@]1(c2ccccc2)C(=O)NC(=O)N(C)C1=O,ALARQZQTBTVLJV-ZDUSSCGKSA-N,1
CC[C@@]1(C)CC(=O)NC1=O,HAPOVYFOVVWLRS-ZETCQYMHSA-N,1
CC[C@]1(O)C[C@@H]2CN(CCc3c([nH]c4ccccc34)[C@@](C(=O)OC)(c3cc4c(cc3OC)N(C)[C@H]3[C@@](O)(C(=O)OC)[C@H](OC(C)=O)[C@]5(CC)C=CCN6CC[C@]43[C@@H]65)C2)C1,JXLYSJRDGCGARV-CFWMRBGOSA-N,0
CC[C@@H](CO)NC(=O)[C@@H]1C=C2c3cccc4c3c(cn4C)C[C@H]2N(C)C1,KPJZHOPZRAFDTN-ZRGWGRIASA-N,0
CC[C@@H](CO)NC(=O)[C@@H]1C=C2c3cccc4[nH]cc(c34)C[C@H]2N(C)C1,UNBRKDKAWYKMIV-QWQRMKEZSA-N,0
CC[C@@H](CO)NCCN[C@@H](CC)CO,AEUTYOVWOVBAKS-UWVGGRQHSA-N,1
CC[C@@H]1OC(=O)[C@H](C)[C@@H](O[C@H]2C[C@@](C)(OC)[C@@H](O)[C@H](C)O2)[C@H](C)[C@@H](O[C@@H]2O[C@H](C)C[C@H](N(C)C)[C@H]2O)[C@](C)(OC)C[C@@H](C)C(=O)[C@@H](C)[C@@H](O)[C@]1(C)O,AGOYDEPGAOXOCK-NEFHOYQBSA-N,1
CC[C@H](C)C(=O)O[C@H]1C[C@@H](C)C=C2C=C[C@H](C)[C@H](CC[C@@H]3C[C@@H](O)CC(=O)O3)[C@H]21,PCZOHLXUXFIOCF-BXMDZJJMSA-N,1
CC[C@@H]1C(=O)OC[C@@H]1Cc1cncn1C,QCHFTSOMWOSFHM-WPRPVWTQSA-N,0
CC[N+](C)(C)c1cccc(O)c1,VWLHWLSRQJQWRG-UHFFFAOYSA-O,0
CC[N+](C)(CC)CCOC(=O)[C@](O)(c1ccccc1)C1CCCCC1,GFRUPHOKLBPHTQ-NRFANRHFSA-N,0
CC/C(=C(\c1ccccc1)c1ccc(OCCN(C)C)cc1)c1ccccc1,NKANXQFJJICGDU-QPLCGJKRSA-N,1
CC=C(C)C(=O)OC1CC(C)(C)CC2C3=CCC4C5(C)CCC(O)C(C)(C)C5CCC4(C)C3(C)CCC12C(=O)O,BJFLQQFMBZHWKK-UHFFFAOYSA-N,1
CC1(C)[C@@H](C=C(Cl)Cl)[C@@H]1C(=O)OCc1cccc(Oc2ccccc2)c1,RLLPVAHGXHCWKJ-PKOBYXMFSA-N,0
CC1(C)O[C@@H]2[C@@H](CO[C@@]3(COS(N)(=O)=O)OC(C)(C)O[C@@H]23)O1,KJADKKWYZYXHBB-XBWDGYHZSA-N,0
Cc1cccc(C)c1OCC(C)N,VLPIATFUUWWMKC-UHFFFAOYSA-N,1
CO[C@@]12[C@H](COC(N)=O)C3=C(C(=O)C(C)=C(N)C3=O)N1C[C@@H]1N[C@@H]12,NWIBSHFKIJFRCO-WUDYKRTCSA-N,0
Cc1cccc(Nc2ccccc2C(=O)O)c1C,HYYBABOKPJLUIN-UHFFFAOYSA-N,1
Cc1c(C)c2c(c(C)c1O)CC[C@](C)(COc1ccc(C[C@H]3SC(=O)NC3=O)cc1)O2,GXPHKUHSUJUWKP-NTKDMRAZSA-N,1
Cc1ccc(-n2[nH]c(C)c(N/N=C3/C=CC=C(c4cccc(C(=O)O)c4)C3=O)c2=O)cc1C,TYEXNVNUZXJNBN-QLYXXIJNSA-N,1
Cc1ccc(Nc2nccc(N(C)c3ccc4c(C)n(C)nc4c3)n2)cc1S(N)(=O)=O,CUIHSIWYWATEQL-UHFFFAOYSA-N,1
Cc1oncc1C(=O)Nc1ccc(C(F)(F)F)cc1,VHOGYURTWQBHIL-UHFFFAOYSA-N,1
CC1=C(CC(=O)O)c2cc(F)ccc2/C1=C/c1ccc([S@@](C)=O)cc1,MLKXDPUZXIRXEP-SFEFPRELSA-N,1
Cc1nc2n(c(=O)c1CCN1CCC(c3noc4cc(F)ccc34)CC1)CCCC2,RAPZEAPATHNIPO-UHFFFAOYSA-N,1
Cc1ccc(Cl)c(Nc2ccccc2C(=O)O)c1Cl,SBDNJUWAMKYJOX-UHFFFAOYSA-N,1
CC1=C(C(=O)O)N2C(=O)[C@@H](NC(=O)[C@H](N)c3ccc(O)cc3)[C@@H]2SC1,BOEGTKLJZSQCCD-HFAKWTLXSA-N,1
Cc1c(-c2ccccc2)oc2c(C(=O)OCCN3CCCCC3)cccc2c1=O,SPIUTQOUKAMGCX-UHFFFAOYSA-N,0
CC(=O)O[C@@]12CO[C@@H]1C[C@H](O)[C@@]1(C)C(=O)[C@H](O)C3=C(C)[C@@H](OC(=O)[C@H](O)[C@@H](NC(=O)OC(C)(C)C)c4ccccc4)C[C@@](O)([C@@H](OC(=O)c4ccccc4)[C@H]21)C3(C)C,ZDZOTLJHXYCWBA-VCVYQWHSSA-N,1
Cc1ccnc2c1NC(=O)c1cccnc1N2C1CC1,NQDJXKOVJZTUJA-UHFFFAOYSA-N,1
Cc1ccc2cc3c(ccc4ccccc43)c3c2c1CC3,PPQNQXQZIWHJRB-UHFFFAOYSA-N,1
Cc1cc(C(C)(C)C)c(O)c(C(C)(C)C)c1,NLZUEZXRPGMBCV-UHFFFAOYSA-N,1
CC(=O)Oc1cc(C(C)C)c(OCCN(C)C)cc1C,VRYMTAVOXVTQEF-UHFFFAOYSA-N,1
COC(c1ccccc1)(c1ccccc1)[C@H](Oc1nc(C)cc(C)n1)C(=O)O,OUJTZYPIHDYQMC-LJQANCHMSA-N,1
Cc1cc(C(=O)NNCc2ccccc2)no1,XKFPYPQQHFEXRZ-UHFFFAOYSA-N,1
Cc1cc(NS(=O)(=O)c2ccc(N)cc2)no1,JLKIGFTWXXRPMT-UHFFFAOYSA-N,1
CC1=CC(=O)c2ccccc2C1=O,MJVAVZPDRWSRRC-UHFFFAOYSA-N,1
Cc1cc(C2CCCCC2)n(O)c(=O)c1,SCKYRAXSEDYPSA-UHFFFAOYSA-N,0
Cc1ccc(Nc2c(F)cccc2Cl)c(CC(=O)O)c1,KHPKQFYUPIUARC-UHFFFAOYSA-N,1
Cc1ccc(C)c(OCCCC(C)(C)C(=O)O)c1,HEMJJKBWTPKOJG-UHFFFAOYSA-N,1
Cc1ccc(S(=O)(=O)NC(=O)NN2CCCCCC2)cc1,OUDSBRTVNLOZBN-UHFFFAOYSA-N,1
C/C1=C2/N=C(/C=C3\N=C(/C(C)=C4\[N-][C@@](C)([C@@H]5N=C1[C@](C)(CCC(=O)NC[C@@H](C)OP(=O)([O-])O[C@H]1[C@@H](O)[C@@H](n6cnc7cc(C)c(C)cc76)O[C@@H]1CO)[C@H]5CC(N)=O)[C@@](C)(CC(N)=O)[C@@H]4CCC(N)=O)[C@@](C)(CC(N)=O)[C@@H]3CCC(N)=O)C(C)(C)[C@@H]2CCC(N)=O,RHYVGCKRBKDRDX-RQJMMSBLSA-L,0
Cc1cn([C@H]2C=C[C@@H](CO)O2)c(=O)[nH]c1=O,XNKLLVCARDGLGL-JGVFFNPUSA-N,1
Cc1cn([C@H]2C[C@H](N=[N+]=[N-])[C@@H](CO)O2)c(=O)[nH]c1=O,HBOMLICNUCNMMY-XLPZGREQSA-N,1
Cc1nc(C)c2c(n1)N(Cc1ccc(-c3ccccc3-c3nn[nH]n3)cc1)C(=O)CC2,ADXGNEYLLLSOAR-UHFFFAOYSA-N,1
Cc1ncc(C[n+]2csc(CCO)c2C)c(N)n1,JZRWCGZRTZMZEH-UHFFFAOYSA-N,0
Cc1ncc(CO)c(CO)c1O,LXNHXLLTXMVWPM-UHFFFAOYSA-N,0
Cc1ncc([N+](=O)[O-])n1CCO,VAOCPAMSLUNLGC-UHFFFAOYSA-N,1
Cc1nnc(NS(=O)(=O)c2ccc(N)cc2)s1,VACCAVUAMIDAGB-UHFFFAOYSA-N,1
COc1c(Cl)cc2c(c1OC)N(C)C1N3C(=O)C4(C)SSC3(C(=O)N4C)C(O)C21O,QTONANGUNATZOU-UHFFFAOYSA-N,1
CC1NC(=O)C(CC(C)(O)CO)NC(=O)C2Cc3c([nH]c4ccccc34)SCC(NC(=O)C(C(C)O)NC1=O)C(=O)N1CC(O)CC1C(=O)NC(C)C(=O)N2,KPKZJLCSROULON-UHFFFAOYSA-N,1
COC1C=COC2(C)Oc3c(C)c(O)c4c(c3C2=O)C(=O)C(=CNN2CCN(C)CC2)C(=C4O)NC(=O)C(C)=CC=CC(C)C(O)C(C)C(O)C(C)C(OC(C)=O)C1C,FZYOVNIOYYPUPY-UHFFFAOYSA-N,1
CCC(C)(C)C(=O)O[C@H]1C[C@@H](C)C=C2C=C[C@H](C)[C@H](CC[C@@H]3C[C@@H](O)CC(=O)O3)[C@H]21,RYMZZMVNJRMUDD-HGQWONQESA-N,1
CCC(C)C(N)C1=NC(C(=O)NC(CC(C)C)C(=O)NC(CCC(=O)O)C(=O)NC(C(=O)NC2CCCCNC(=O)C(CC(N)=O)NC(=O)C(CC(=O)O)NC(=O)C(CC3C=NC=N3)NC(=O)C(Cc3ccccc3)NC(=O)C(C(C)CC)NC(=O)C(CCCN)NC2=O)C(C)CC)CS1,KHLIFJVRJNYFGN-UHFFFAOYSA-N,0
CCC(C)C1NC(=O)CNC(=O)C2Cc3c([nH]c4cc(O)ccc34)S(=O)CC(NC(=O)CNC1=O)C(=O)NC(CC(=O)O)C(=O)N1CC(O)CC1C(=O)NC(C(C)C(O)CO)C(=O)N2,IEQCUEXVAPAFMQ-UHFFFAOYSA-N,1
CCC[C@@]1(CCc2ccccc2)CC(O)=C([C@H](CC)c2cccc(NS(=O)(=O)c3ccc(C(F)(F)F)cn3)c2)C(=O)O1,SUJUHGSWHZTSEU-FYBSXPHGSA-N,0
CCC[C@@]1(CCc2ccccc2)CC(O)=C([C@H](CC)c2cccc(NS(=O)(=O)c3ccc(C(F)(F)F)cn3)c2)C(=O)O1,SUJUHGSWHZTSEU-FYBSXPHGSA-N,1
CCC1(c2ccccc2)C(=O)NC(=O)NC1=O,DDBREPKUVSBGFI-UHFFFAOYSA-N,1
CCC1(c2ccccc2)C(=O)NCNC1=O,DQMZLTXERSFNPB-UHFFFAOYSA-N,0
CCC1(c2ccc(N)cc2)CCC(=O)NC1=O,ROBVIMPUHSLWNV-UHFFFAOYSA-N,0
CCc1nc(N)nc(N)c1-c1ccc(Cl)cc1,WKSAUQYGYAYLPV-UHFFFAOYSA-N,1
CCc1c(C)[nH]c2c1C(=O)[C@@H](CN1CCOCC1)CC2,KLPWJLBORRMFGK-GFCCVEGCSA-N,1
CCc1oc2ccccc2c1C(=O)c1cc(I)c(O)c(I)c1,CZCHIEJNWPNBDE-UHFFFAOYSA-N,1
CCc1oc2ccccc2c1C(=O)c1ccc(O)cc1,RFRXIWQYSOIBDI-UHFFFAOYSA-N,1
CCc1cccc2c3c([nH]c12)C(CC)(CC(=O)O)OCC3,NNYBQONXHNTVIJ-UHFFFAOYSA-N,1
CCc1nn(CCCN2CCN(c3cccc(Cl)c3)CC2)c(=O)n1CCOc1ccccc1,VRBKIVRKKCLPHA-UHFFFAOYSA-N,1
CCC1NC(=O)C2C(Cl)C(Cl)CN2C(=O)C(CO)NC(=O)CC(c2ccccc2)NC(=O)C(CO)NC1=O,PMBVHCCVEPYDSN-UHFFFAOYSA-N,1
CCC1OC(=O)C(C)C(OC2CC(C)(OC)C(O)C(C)O2)C(C)C(OC2OC(C)CC(N(C)C)C2O)C(C)(O)CC(C)C(=O)C(C)C(O)C1(C)O,ULGZDMOVFRHVEP-UHFFFAOYSA-N,1
CCCC(C)(COC(N)=O)COC(N)=O,NPPQSCRMBWNHMW-UHFFFAOYSA-N,1
CCCc1cc(=O)[nH]c(=S)[nH]1,KNAHARQHSZJURB-UHFFFAOYSA-N,1
CCCCC(=O)O,NQPDZGIKBAWPEJ-UHFFFAOYSA-N,0
CCCCc1oc2ccccc2c1C(=O)c1cc(I)c(OCCN(CC)CC)c(I)c1,IYIKLHRQXLHMJQ-UHFFFAOYSA-N,1
CCCCC1C(=O)N(c2ccccc2)N(c2ccccc2)C1=O,VYMDGNCVAMGZFE-UHFFFAOYSA-N,1
CCCCCCCCCCC[C@@H](C[C@@H]1OC(=O)[C@H]1CCCCCC)OC(=O)[C@H](CC(C)C)NC=O,AHLBNYSZXLDEJQ-FWEHEUNISA-N,1
CCC(=O)O[C@H]1[C@H](O[C@@H]2[C@@H](C)[C@H](O[C@H]3C[C@@](C)(OC)[C@@H](O)[C@H](C)O3)[C@@H](C)C(=O)O[C@H](CC)[C@@](C)(O)[C@H](O)[C@@H](C)C(=O)[C@H](C)C[C@@]2(C)O)O[C@H](C)C[C@@H]1N(C)C,TYQXKHPOXXXCTP-CSLYCKPJSA-N,1
CCCCCCCCNC(C)C(O)c1ccc(SC(C)C)cc1,BFCDFTHTSVTWOG-UHFFFAOYSA-N,1
CCCCN1CCCC[C@@H]1C(=O)Nc1c(C)cccc1C,LEBVLXFERQHONN-MRXNPFEDSA-N,0
CCCCNC(=O)NS(=O)(=O)c1ccc(C)cc1,JLRGJRBPOGGCBT-UHFFFAOYSA-N,1
CCCCNc1cc(C(=O)O)cc(S(N)(=O)=O)c1Oc1ccccc1,MAEIEVLCKWDQJH-UHFFFAOYSA-N,1
CCCCNc1ccc(C(=O)OCCOCCOCCOCCOCCOCCOCCOCCOCCOC)cc1,MAFMQEKGGFWBAB-UHFFFAOYSA-N,0
CCCCS(=N)(=O)CC[C@H](N)C(=O)O,KJQFBVYMGADDTQ-CVSPRKDYSA-N,1
CCCNC(=O)NS(=O)(=O)c1ccc(Cl)cc1,RKWGIWYCVPQPMF-UHFFFAOYSA-N,1
CCCNC[C@@H](O)COc1ccccc1C(=O)CCc1ccccc1,JWHAUXFOSRPERK-GOSISDBHSA-N,0
CCCSc1ccc2nc(NC(=O)OC)[nH]c2c1,HXHWSAZORRCQMX-UHFFFAOYSA-N,1
CCN(CC)C(=O)N1CCN(C)CC1,RCKMWOKWVGPNJF-UHFFFAOYSA-N,1
CCN(CC)CC(=O)Nc1c(C)cccc1C,NNJVILVZKWQKPM-UHFFFAOYSA-N,0
CCN(CC)CC#CCOC(=O)[C@](O)(c1ccccc1)C1CCCCC1,XIQVNETUBQGFHX-QFIPXVFZSA-N,0
CCN(CC)CCNC(=O)c1c(C)[nH]c(/C=C2\C(=O)Nc3ccc(F)cc32)c1C,WINHZLLDWRZWRT-ATVHPVEESA-N,1
CCN(CC)CCNC(=O)c1cc(Cl)c(N)cc1OC,TTWJBBZEZQICBI-UHFFFAOYSA-N,1
CCN(CC)CCOc1cccc(OCCN(CC)CC)c1OCCN(CC)CC,ICLWTJIMXVISSR-UHFFFAOYSA-N,0
CCn1cc(C(=O)O)c(=O)c2ccc(C)nc21,MHWLWQUZZRMNGJ-UHFFFAOYSA-N,1
CCn1cc(C(=O)O)c(=O)c2cc(F)c(N3CCN[C@@H](C)C3)c(F)c21,ZEKZLJVOYLTDKK-VIFPVBQESA-N,1
CCOC(=O)[C@H](CCc1ccccc1)N[C@@H](C)C(=O)N1Cc2ccccc2C[C@H]1C(=O)O,JSDRRTOADPPCHY-HSQYWUDLSA-N,1
CCOC(=O)C(C)(C)Oc1ccc(Cl)cc1,KNHUKKLJHYUCFP-UHFFFAOYSA-N,1
CCOC(=O)C1(c2ccccc2)CCN(CCc2ccc(N)cc2)CC1,LKYQLAWMNBFNJT-UHFFFAOYSA-N,1
CCOC(=O)c1ncn2c1CN(C)C(=O)c1cc(F)ccc1-2,OFBIFZUFASYYRE-UHFFFAOYSA-N,0
CCOC(=O)CN[C@@H](C(=O)N1CC[C@H]1C(=O)NCc1ccc(/C(N)=N/O)cc1)C1CCCCC1,ZXIBCJHYVWYIKI-PZJWPPBQSA-N,1
CCOc1ccc(NC(C)=O)cc1,CPJSUEIXXCENMM-UHFFFAOYSA-N,1
CCOc1ccccc1OCCN[C@H](C)Cc1ccc(OC)c(S(N)(=O)=O)c1,DRHKJLXJIQTDTD-OAHLLOKOSA-N,0
CCSCC[C@H](N)C(=O)O,GGLZPLKKBSSKCX-YFKPBYRVSA-N,1
CN(C)CCN(Cc1cccs1)c1ccccn1,HNJJXZKZRAWDPF-UHFFFAOYSA-N,1
Cl[Hg]Cl,LWJROJCJINYWOX-UHFFFAOYSA-L,1
C=C(Cl)Cl,LGXVIGDEPROXKC-UHFFFAOYSA-N,1
O=C(O)[C@H](CS)NC=C(Cl)Cl,LOOLUGGZKYOKBH-VKHMYHEASA-N,1
Clc1ccccc1Cl,RFFLAFLAYFXFSW-UHFFFAOYSA-N,1
Clc1ccc(CO[C@@H](Cn2ccnc2)c2ccc(Cl)cc2Cl)c(Cl)c1,BYBLEWFAAKGYCD-SFHVURJKSA-N,0
O=c1n(CCCN2CCN(c3cccc(Cl)c3)CC2)nc2ccccn12,PHLBKPHSAVXXEF-UHFFFAOYSA-N,1
Clc1cccc(Cl)c1NC1=NCCN1,GJSURZIOUXUGAL-UHFFFAOYSA-N,1
Clc1ccccc1C(c1ccccc1)(c1ccccc1)n1ccnc1,VNFPBHJOKIVQEB-UHFFFAOYSA-N,1
Clc1ccccc1CN1CCc2sccc2C1,PHWBOXQYWZNQIN-UHFFFAOYSA-N,1
O=C1NC(=O)C(Cl)(c2ccccc2)C1Cl,BTMJLNZQSOGJMI-UHFFFAOYSA-N,1
O=[P@@]1(N(CCCl)CCCl)NCCCO1,CMSMOCZEIVJLDB-AWEZNQCLSA-N,1
O=c1[nH]cc(N(CCCl)CCCl)c(=O)[nH]1,IDPUKCWIGUEADI-UHFFFAOYSA-N,1
O=[P@]1(NCCCl)OCCCN1CCCl,HOMGKSMUEGBAAB-CQSZACIVSA-N,1
CN(C)[C@@H]1C(=O)/C(=C(\N)O)C(=O)[C@@]2(O)C(=O)C3=C(O)c4c(O)ccc(Cl)c4[C@@](C)(O)[C@H]3C[C@@H]12,WKZUQOQLOHMCQC-XHJBQRPKSA-N,1
CN(C)C(=O)C(CCN1CCC(O)(c2ccc(Cl)cc2)CC1)(c1ccccc1)c1ccccc1,RDOIQAHITMMDAJ-UHFFFAOYSA-N,0
CN(C)C(=O)Oc1cc(OC(=O)N(C)C)cc([C@H](O)CNC(C)(C)C)c1,ANZXOIAKUNOVQU-OAHLLOKOSA-N,0
CN(C)C/C=C(/c1ccc(Br)cc1)c1cccnc1,OYPPVKRFBIWMSX-SXGWCWSVSA-N,1
CN(C)C=O,ZMXDDKWLCZADIW-UHFFFAOYSA-N,1
CN(C)CC[C@H](c1ccc(Br)cc1)c1ccccn1,ZDIGNSYAACHWNL-OAHLLOKOSA-N,0
CN(C)CC[C@H](c1ccc(Cl)cc1)c1ccccn1,SOYKEARSMXGVTM-OAHLLOKOSA-N,1
CN(C)Cc1ccc(CSCCN/C(=C\[N+](=O)[O-])NCc2ccc3c(c2)OCO3)o1,HXRSXEDVVARPHP-UDWIEESQSA-N,1
CN(C)CCCC1c2ccccc2Nc2ccc(Cl)cc21,JFRLWWDJCFYFSU-UHFFFAOYSA-N,1
CN(C)CCCN1c2ccccc2CCc2ccc(Cl)cc21,GDLIGKIOYRNHDA-UHFFFAOYSA-N,1
CN(C)CCCN1c2ccccc2CCc2ccccc21,BCGWQEUPMDMJNV-UHFFFAOYSA-N,1
CN(C)CCCN1c2ccccc2Sc2ccc(Cl)cc21,ZPEIMTDSQAKGNT-UHFFFAOYSA-N,1
CN(C)CCOC(c1ccc(Cl)cc1)c1ccccn1,OJFSXZCBGQGRNV-UHFFFAOYSA-N,0
CN(C)CCOC(c1ccccc1)c1ccccc1,ZZVUWRFHKOJYTH-UHFFFAOYSA-N,0
CN(C)N/N=C1\N=CN=C1C(N)=O,OMJKFYKNWZZKTK-POHAHGRESA-N,1
C#CCN(C)Cc1ccccc1,DPWPWRLQFGFJFI-UHFFFAOYSA-N,0
CN(Cc1cnc2nc(N)nc(N)c2n1)c1ccc(C(=O)N[C@H](C=O)CCC(=O)O)cc1,KMARSUPQEJUCON-LBPRGKRZSA-N,1
CN(C)N=O,UMFJAHHVKNCGLG-UHFFFAOYSA-N,1
CN(N=O)C(=O)N[C@@H]1[C@@H](O)[C@H](O)[C@@H](CO)O[C@@H]1O,ZSJLQEPLLKMAKR-GKHCUFPYSA-N,0
CN[C@@H]1[C@@H](O)[C@H](O[C@H]2[C@H](O)[C@@H](O[C@@H]3O[C@H]([C@@H](C)NC)CC[C@H]3N)[C@H](N)C[C@@H]2N)OC[C@@]1(C)O,CEAZRRDELHUEMR-DNRRSTILSA-N,0
CN1[C@@H]2CC[C@@H]1CC(OC(c1ccccc1)c1ccccc1)C2,GIJXKZJWITVLHI-RTBURBONSA-N,0
CN1[C@@H]2CC[C@H]1CC(OC(=O)C(CO)c1ccccc1)C2,RKUNBYITZUJHSG-PJPHBNEVSA-N,0
COC(=O)[C@H]1[C@@H](OC(=O)c2ccccc2)C[C@@H]2CC[C@H]1N2C,ZPUCINDJVBIVPJ-LJISPDSOSA-N,1
Cn1c(=O)c2[nH]cnc2n(C)c1=O,ZFXYFBGIUFBOJW-UHFFFAOYSA-N,0
CN1C(=O)OC(C)(C)C1=O,IRYJRGCIQBGHIV-UHFFFAOYSA-N,1
Cc1cc(CC(=O)O)n(C)c1C(=O)c1ccc(Cl)cc1,ZXVNMYWKKDOREA-UHFFFAOYSA-N,0
Cc1ccc(C(=O)c2ccc(CC(=O)O)n2C)cc1,UPSPUYADGBWSHF-UHFFFAOYSA-N,1
CN1C(=O)CCS(=O)(=O)C1c1ccc(Cl)cc1,WEQAYVWKMWHEJO-UHFFFAOYSA-N,1
CN1Cc2c(N)cccc2[C@@H](c2ccccc2)C1,XXPANQJNYNUNES-CQSZACIVSA-N,1
Cn1cc[nH]c1=S,PMRYVIKBURPHAH-UHFFFAOYSA-N,1
Cn1cnc([N+](=O)[O-])c1Sc1ncnc2nc[nH]c12,LMEKQMALGUDUQG-UHFFFAOYSA-N,1
Cn1c(=O)c2c(ncn2C)n(C)c1=O,RYYVLZVUVIJVGH-UHFFFAOYSA-N,0
CN1CCC(=C2c3ccccc3C=Cc3ccccc32)CC1,JJCFRYNCJDLXIK-UHFFFAOYSA-N,1
CN1CCC(=C2c3ccccc3CC(=O)c3sccc32)CC1,ZCVMWBYGMWKGHF-UHFFFAOYSA-N,0
CN1CCCC(CN2c3ccccc3Sc3ccccc32)C1,CBHCDHNUZWWAPP-UHFFFAOYSA-N,1
CN1CCCC[C@@H]1CCN1c2ccccc2Sc2ccc([S@@](C)=O)cc21,SLVMESMUVMCQIY-AKJBCIBTSA-N,1
CN1CCN(C(c2ccccc2)c2ccccc2)CC1,UVKZSORBKUEBAZ-UHFFFAOYSA-N,1
CN1CCN(C2=c3ccccc3=Nc3ccc(Cl)cc3N2)CC1,ZUXABONWMNSFBN-UHFFFAOYSA-N,1
CN1CCN(CCCN2c3ccccc3Sc3ccc(C(F)(F)F)cc32)CC1,ZEWQUBUPAILYHI-UHFFFAOYSA-N,1
Cn1nnc2c(C(N)=O)ncn2c1=O,BPEGJWRSRHCHSN-UHFFFAOYSA-N,0
CN1/C(=C(/O)Nc2ccccn2)C(=O)c2ccccc2S1(=O)=O,LDJVNWFKNMYYNT-FYWRMAATSA-N,1
CNC[C@H](O)c1ccc(O)c(O)c1,UCTWMZQNUQWSLP-VIFPVBQESA-N,0
CNC1(c2ccccc2Cl)CCCCC1=O,YQEZLKZALYSWHR-UHFFFAOYSA-N,0
CNCC[C@@H](Oc1ccccc1C)c1ccccc1,VHGCDTVCOLNTBX-QGZVFWFLSA-N,1
CNCCC=C1c2ccccc2CCc2ccccc21,PHVGLTMQBUFIQQ-UHFFFAOYSA-N,1
CNNCc1ccc(C(=O)NC(C)C)cc1,CPTBDICYNRMXFX-UHFFFAOYSA-N,1
CNS(=O)(=O)Cc1ccc2[nH]cc(CCN(C)C)c2c1,KQKPFRSPSRPDEB-UHFFFAOYSA-N,0
CO[C@@]1(NC(=O)C2SC(=C(C(N)=O)C(=O)O)S2)C(=O)N2C(C(=O)O)=C(CSc3nnnn3C)CS[C@H]21,SRZNHPXWXCNNDU-QJOPWCIASA-N,0
CO[C@@]1(NC(=O)Cc2cccs2)C(=O)N2C(C(=O)O)=C(COC(N)=O)CS[C@@H]21,WZOZEZRFJCJXNZ-ZBFHGGJFSA-N,1
CO[C@@H]1[C@@H](OC(N)=O)[C@@H](O)[C@H](Oc2ccc3c(=O)c(NC(=O)c4ccc(O)c(CC=C(C)C)c4)c(O)oc3c2C)OC1(C)C,DYYIUCVAQGRACE-KGSXXDOSSA-N,1
CO[C@@H]1/C=C\O[C@@]2(C)Oc3c(C)c(O)c4c(c3C2=O)C2=NC3(CCN(CC(C)C)CC3)NC2=C(NC(=O)/C(C)=C\C=C/[C@@H](C)[C@@H](O)[C@H](C)[C@H](O)[C@H](C)[C@H](OC(C)=O)[C@@H]1C)C4=O,ATEBXHFBFRCZMA-BXFAQFLMSA-N,1
CO[C@H]1C[C@H](O[C@H]2[C@H](C)[C@@H](O[C@@H]3O[C@H](C)C[C@H](N(C)C)[C@H]3OC(C)=O)[C@@H](C)C[C@@]3(CO3)C(=O)[C@H](C)C(OC(C)=O)[C@@H](C)[C@@H](C)OC(=O)[C@@H]2C)O[C@@H](C)[C@@H]1OC(C)=O,LQCLVBQBTUVCEQ-KLPPOABLSA-N,1
COc1cc(N)c(Cl)cc1C(=O)N[C@H]1CCN(CCCOc2ccc(F)cc2)C[C@@H]1OC,DCSUBABJRXZOMT-UNMCSNQZSA-N,0
COC(=O)[C@H](c1ccccc1)[C@H]1CCCCN1,DUGOZIWVEXMGBE-CHWSQXEVSA-N,1
COC(=O)C1=C(C)NC(C)=C(C(=O)OCCN(C)Cc2ccccc2)[C@@H]1c1cccc([N+](=O)[O-])c1,ZBBHBTPTTSWHBA-XMMPIXPASA-N,1
COC(=O)C1=C(C)NC(C)=C(C(=O)OCC(C)C)[C@@H]1c1ccccc1[N+](=O)[O-],VKQFCGNPDRICFG-GOSISDBHSA-N,0
COC(=O)C1=C(C)NC(C)=C(C(=O)OC)C1c1ccccc1[N+](=O)[O-],HYIMSNHJOBLJNT-UHFFFAOYSA-N,1
COC(=O)Nc1nc2ccc(C(=O)c3ccccc3)cc2[nH]1,OPXLLQIJSORQAM-UHFFFAOYSA-N,1
COC(=O)Nc1nc2ccccc2[nH]1,TWFZGCMQGLPBSX-UHFFFAOYSA-N,1
COc1cc(C)c(/C=C/C(C)=C/C=C/C(C)=C\C(=O)O)c(C)c1C,IHUNBGSDBOWDMA-UGOGCBOOSA-N,1
COc1cc(C(=O)NS(=O)(=O)c2ccccc2C)ccc1Cc1cn(C)c2ccc(NC(=O)OC3CCCC3)cc12,YEEZWCHGZNKEEK-UHFFFAOYSA-N,1
COc1cc(NS(C)(=O)=O)ccc1Nc1c2ccccc2nc2ccccc12,XCPGHVQEEXUHNC-UHFFFAOYSA-N,1
COc1cc2c(c3oc(=O)c4c(c13)CCC4=O)C1C=COC1O2,OQIQSTLJSLGHID-UHFFFAOYSA-N,1
COc1ccc(OC)c([C@@H](O)[C@@H](C)N)c1,WJAJPNHVVFWKKL-HQJQHLMTSA-N,0
COc1cc([C@@H]2c3cc4c(cc3[C@@H](O[C@@H]3O[C@@H]5CO[C@@H](C)O[C@H]5[C@H](O)[C@H]3O)[C@H]3COC(=O)[C@H]23)OCO4)cc(OC)c1O,VJJPUSNTGOMMGY-MRVIYFEKSA-N,1
COc1cc(Cc2cnc(N)nc2N)cc(OC)c1OC,IEDVJHCEMCRBQM-UHFFFAOYSA-N,1
COc1ccc(CCN2CCC(Nc3nc4ccccc4n3Cc3ccc(F)cc3)CC2)cc1,GXDALQBWZGODGZ-UHFFFAOYSA-N,0
COc1ccc2c(C(=S)N(C)CC(=O)O)cccc2c1C(F)(F)F,LUBHDINQXIHVLS-UHFFFAOYSA-N,1
COc1ccccc1Oc1c(NS(=O)(=O)c2ccc(C(C)(C)C)cc2)nc(-c2ncccn2)nc1OCCO,GJPICJJJRGTNOD-UHFFFAOYSA-N,1
COc1cccc2c1C(=O)c1c(O)c3c(c(O)c1C2=O)C[C@@](O)(C(=O)CO)C[C@@H]3O[C@H]1C[C@H](N)[C@@H](O)[C@H](C)O1,AOJJSUZBOXZQNB-VTZDEGQISA-N,0
COc1ccc2c(c1)c(CC(=O)O)c(C)n2C(=O)c1ccc(Cl)cc1,CGIGDMFJXJATDK-UHFFFAOYSA-N,1
C=C[C@H]1CN2CCC1C[C@H]2[C@H](O)c1ccnc2ccc(OC)cc12,LOUPRKONTZGTKE-VOMFEXJBSA-N,1
COCC(=O)O,RMIODHQZRUFFFF-UHFFFAOYSA-N,1
COCC(=O)O[C@]1(CCN(C)CCCc2nc3ccccc3[nH]2)CCc2cc(F)ccc2[C@@H]1C(C)C,HBNPJJILLOYFJU-VMPREFPWSA-N,0
COCCOC(=O)C1=C(C)NC(C)=C(C(=O)OC(C)C)[C@H]1c1cccc([N+](=O)[O-])c1,UIAGMCDKSXEBJQ-IBGZPJMESA-N,1
CS(=O)(=O)Nc1ccc([N+](=O)[O-])cc1Oc1ccccc1,HYWYRSMBCFDLJT-UHFFFAOYSA-N,1
CS(=O)(=O)OCCCCOS(C)(=O)=O,COVZYZSDYWQREU-UHFFFAOYSA-N,1
CCCCC(F)F,PSSHQAXMSKKIBE-UHFFFAOYSA-N,1
O=c1[nH]c2ccccc2n1C1CCN(CCCC(c2ccc(F)cc2)c2ccc(F)cc2)CC1,YVUQSNJEYSNKRX-UHFFFAOYSA-N,0
O=C1NCN(c2ccccc2)C12CCN(CCCC(c1ccc(F)cc1)c1ccc(F)cc1)CC2,QOYHHIBFXOOADH-UHFFFAOYSA-N,1
N[C@@H](Cc1cc(I)c(Oc2ccc(O)c(I)c2)c(I)c1)C(=O)O,AUYYCJSJGJYCDS-LBPRGKRZSA-N,0
N[C@@H](Cc1ccc(O)c(O)c1)C(=O)O,WTDRDQBEARUVNC-LURJTMIESA-N,0
NC(N)=NCCC[C@H](N)C(=O)O,ODKSFYDXXFIFQN-BYPYZUCNSA-N,0
N[C@H](C(=O)N[C@@H]1C(=O)N2C(C(=O)O)=C(Cl)CC[C@@H]12)c1ccccc1,JAPHQRWPEGVNBT-SRVKXCTJSA-N,0
N[C@@H]1[C@H]2CN(c3nc4c(cc3F)c(=O)c(C(=O)O)cn4-c3ccc(F)cc3F)C[C@@H]12,WVPSKSLAZQPAKQ-CDMJZVDBSA-N,1
N[C@@H]1[C@@H](O)[C@H](O)[C@@H](CO)O[C@H]1O,MSWZFWKMSRAUBD-QZABAPFNSA-N,1
NC(N)=NC(=O)c1nc(Cl)c(N)nc1N,XSDQTOBWRPYKKA-UHFFFAOYSA-N,0
CCCCOCC(CN1C(=O)N(CC(COCCCC)OC(N)=O)C(=O)C(CC)(c2ccccc2)C1=O)OC(N)=O,GJJRIOLBUILIGK-UHFFFAOYSA-N,1
NC(=O)N1c2ccccc2C=Cc2ccccc21,FFGPTBGBLSHEPO-UHFFFAOYSA-N,1
NC(=O)OCC(COC(N)=O)c1ccccc1,WKGXYQFOCVYPAC-UHFFFAOYSA-N,1
NC[C@H]1O[C@H](O[C@H]2[C@H](O)[C@@H](O[C@H]3O[C@H](CO)[C@@H](O)[C@H](N)[C@H]3O)[C@H](N)C[C@@H]2N)[C@H](N)C[C@@H]1O,NLVFBUXFDBBNBW-PBSUHMDJSA-N,1
Nc1ncnc2c1ncn2[C@@H]1O[C@H](CO)[C@@H](O)[C@H]1O,OIRDTQYFTABQOQ-KQYNXXCUSA-N,0
Nc1nc(Cl)nc2c1ncn2[C@H]1C[C@H](O)[C@@H](CO)O1,PTOAARAWEBMLNO-KVQBGUIXSA-N,0
Nc1cc(-c2ccncc2)c[nH]c1=O,RNLQIBCLLYYYFJ-UHFFFAOYSA-N,1
Nc1ccc(O)cc1,PLIKAWJENQZMHA-UHFFFAOYSA-N,0
Nc1ccc(S(N)(=O)=O)cc1,FDDDEECHVMSUSB-UHFFFAOYSA-N,1
Nc1ccn([C@@H]2CS[C@H](CO)O2)c(=O)n1,JTEGQNOMFQHVDC-NKWVEPMBSA-N,1
Nc1ccn([C@H]2CC[C@@H](CO)O2)c(=O)n1,WREGKURFCTUGRC-POYBYMJQSA-N,1
Nc1ncn([C@@H]2O[C@H](CO)[C@@H](O)[C@H]2O)c(=O)n1,NMUSYJAQQFHJEW-KVTDHHQDSA-N,1
Nc1nc(=S)c2[nH]cnc2[nH]1,WYWHKKSPHMUBEB-UHFFFAOYSA-N,1
Nc1ccc(/N=N/c2ccccc2)c(N)n1,QPFYXYFORQJZEC-FOCLMDBBSA-N,1
Nc1nc(NC2CC2)c2ncn([C@@H]3C=C[C@H](CO)C3)c2n1,MCGSCOLBFJQGHM-WCBMZHEXSA-N,1
Nc1nc2ccc(OC(F)(F)F)cc2s1,FTALBRSUTCGOEG-UHFFFAOYSA-N,1
NCC1(CC(=O)O)CCCCC1,UGJMXCAKCUNAIE-UHFFFAOYSA-N,0
NCCC(O)(P(=O)(O)O)P(=O)(O)O,WRUUGTRCQOWXEG-UHFFFAOYSA-N,0
NCCc1ccc(O)c(O)c1,VYFYYTLLBUKUHU-UHFFFAOYSA-N,0
NCCCC[C@H](N[C@@H](CCc1ccccc1)C(=O)O)C(=O)N1CCC[C@H]1C(=O)O,RLAWWYSOJDYHDC-BZSNNMDCSA-N,1
NN,OAKJQQAXSVQMHS-UHFFFAOYSA-N,1
NN=O,XKLJHFLUAHKGGU-UHFFFAOYSA-N,1
NS(=O)(=O)c1cc(C(=O)O)c(NCc2ccco2)cc1Cl,ZZUFCTLCJUWOSV-UHFFFAOYSA-N,1
NS(=O)(=O)c1cc2c(cc1Cl)NCNS2(=O)=O,JZUFKLXOESDKRF-UHFFFAOYSA-N,1
Nc1ncnc2c1ncn2[C@@H]1O[C@H](CO)[C@@H](O)[C@@H]1O,OIRDTQYFTABQOQ-UHTZMRCNSA-N,0
O=C(O)c1cc(=O)c2cc(OC[C@@H](O)COc3cccc4oc(C(=O)O)cc(=O)c34)ccc2o1,FSINDHDHRQZTPH-LLVKDONJSA-N,0
O=[As]O[As]=O,IKWTVSLWAPBBKU-UHFFFAOYSA-N,1
O=S(=O)([O-])[O-],QAOWNCQODCNURD-UHFFFAOYSA-L,0
NCCCC(N)CC(=O)NCC1NC(=O)C(CO)NC(=O)C(N)CNC(=O)C(C2CCN=C(N)N2)NC(=O)C(=CNC(N)=O)NC1=O,JNIIDKODPGHQSS-UHFFFAOYSA-N,0
CN1CCC(=C2c3ccccc3CCc3cccnc32)CC1,SEBMTIQKRHYNIT-UHFFFAOYSA-N,1
O=C1C(CC[S@](=O)c2ccccc2)C(=O)N(c2ccccc2)N1c1ccccc1,MBGGBVCUIVRRBF-LJAQVGFWSA-N,1
O=C1NC(=O)C(=O)C(=O)N1,HIMXGTXNXJYFGB-UHFFFAOYSA-N,0
O=C1CC2(CCCC2)CC(=O)N1CCCCN1CCN(c2ncccn2)CC1,QWCRAEMEVRGPNT-UHFFFAOYSA-N,0
O=C(C1CCCCC1)N1CC(=O)N2CCc3ccccc3[C@H]2C1,FSVJFNAIGNNGKK-QGZVFWFLSA-N,0
O=c1ncnc2[nH][nH]cc1-2,OFCNXPDARWKPPY-UHFFFAOYSA-N,1
O=C(c1ccccc1)c1ccc2n1CC[C@H]2C(=O)O,OZWKMVRBQXNZKK-LLVKDONJSA-N,1
O=C(O)c1cc(-c2ccc(F)cc2F)ccc1O,HUPFGZXOMWLGNK-UHFFFAOYSA-N,1
O=C(O)C1=C/C(=N/Nc2ccc(S(=O)(=O)Nc3ccccn3)cc2)C=CC1=O,OQANPHBRHBJGNZ-FYJGNVAPSA-N,1
O=C(O)c1cccnc1,PVNIIMVLHYAWGP-UHFFFAOYSA-N,1
O=C(O)Cc1ccccc1Nc1c(Cl)cccc1Cl,DCOPUUMXTXDBNB-UHFFFAOYSA-N,1
O=C(O)CCc1nc(-c2ccccc2)c(-c2ccccc2)o1,OFPXSFXSNFPTHF-UHFFFAOYSA-N,1
O=C(O)CCCC[C@@H]1SC[C@@H]2NC(=O)N[C@@H]21,YBJHBAHKTGYVGT-ZKWXMUAHSA-N,0
O=C(O)P(=O)(O)O,ZJAOAACCNHFJAH-UHFFFAOYSA-N,0
OC(Cn1cncn1)(Cn1cncn1)c1ccc(F)cc1F,RFHAOTPXVQNOHP-UHFFFAOYSA-N,1
O=c1[nH]cnc2c1ncn2[C@H]1CC[C@@H](CO)O1,BXZVVICBKDXVGW-NKWVEPMBSA-N,1
OC[C@@H]1O[C@@H](O[C@H]2[C@H](O)[C@@H](O)[C@H](O)O[C@H]2CO)[C@@H](O)[C@H](O)[C@H]1O,GUBGYTABKSRVRQ-AEDSEYDFSA-N,0
O=c1[nH]c(=O)n([C@@H]2C[C@H](O)[C@@H](CO)O2)cc1I,XQFRJNBWHJMXHO-XVMARJQXSA-N,1
O=c1[nH]c(=O)n([C@H]2C[C@H](O)[C@@H](CO)O2)cc1F,ODKNJVUHOIMIIZ-RRKCRQDMSA-N,1
Oc1c(Cl)cc(Cl)cc1Sc1cc(Cl)cc(Cl)c1O,JFIOVJDNOJYLKP-UHFFFAOYSA-N,1
O=C1CC[C@@]2(O)[C@H]3Cc4ccc(O)c5c4[C@@]2(CCN3CC2CC2)[C@H]1O5,DQCKKXVULJGBQN-XFWGSAIBSA-N,1
OC1C(O)C(O)C(O)C(O)C1O,CDAISMWEOUEBRE-UHFFFAOYSA-N,0
OCC(S)CS,WQABCVAJNWAXTE-UHFFFAOYSA-N,1
O=C1c2c(O)ccc(O)c2C(=O)c2c(NCCNCCO)ccc(NCCNCCO)c21,KKZJGLLVHKMTCM-UHFFFAOYSA-N,1
CCN(CC)C(=S)SSC(=S)N(CC)CC,AUZONCFQVSMFAP-UHFFFAOYSA-N,1
CC(=O)N(O)CCCCCNC(=O)CCC(=O)N(O)CCCCCNC(=O)CCC(=O)N(O)CCCCCN,UBQYURCVBFRUQT-UHFFFAOYSA-N,1
